t,n_err,e_err,n_std,e_std
0.0,0.9384433654706061,-3.113699583831781,1.7566946291741157,1.432762783425869
0.1,0.9381176830904535,-3.1140238012279187,1.756494350830179,1.4325303023678528
0.2,0.937784682000142,-3.1143488669897854,1.7562920104054804,1.4322975677550338
0.3,0.9374544784520565,-3.1146632005241357,1.756087604131748,1.4320645737407118
0.4,0.9371244408871525,-3.114967315806909,1.7558811276893478,1.4318313132756524
0.5,0.9368043110392269,-3.115268957047075,1.7556725766585306,1.4315977794669825
0.6,0.9364729803999291,-3.1155779248869893,1.755461946855984,1.431363965661131
0.7000000000000001,0.9361336118055406,-3.1158735766682955,1.7552492341962447,1.431129865134421
0.8,0.9357772458972179,-3.1161726647667636,1.7550344343266313,1.4308954707830406
0.8999999999999999,0.9354349024430917,-3.1164657387400925,1.7548175431936062,1.43066077542418
1.0,0.9350879555379904,-3.116744466149379,1.754598556840207,1.4304257721667815
1.1,0.9347483755835064,-3.1170180806363086,1.7543774708474853,1.4301904540573915
1.2,0.93441175986086,-3.1172876781870005,1.7541542808577308,1.429954814136102
1.3,0.9340755789524903,-3.1175501022503176,1.7539289827271016,1.4297188455290886
1.4000000000000001,0.9337411415447814,-3.117807339243576,1.7537015721699265,1.4294825413042462
1.5,0.9334009317352315,-3.1180667471962504,1.7534720448720567,1.429245894530381
1.6,0.9330581229996282,-3.118315506470365,1.7532403966050922,1.429008898187128
1.7,0.9327134324556127,-3.118555705299074,1.7530066229240622,1.4287715452713674
1.7999999999999998,0.9323646931457554,-3.118812950859121,1.7527707195794802,1.4285338289577543
1.9000000000000001,0.9320133187351023,-3.119056622581357,1.752532682855808,1.4282957425534775
2.0,0.9316569089016019,-3.1192961429109594,1.7522925088976007,1.428057279505798
2.1,0.9312856233176352,-3.119528997144876,1.7520501935538346,1.4278184331997368
2.2,0.9309190844750777,-3.1197760508599695,1.7518057328851804,1.4275791969430567
2.3,0.9305409674880923,-3.1200115747981667,1.7515591233960015,1.4273395642779105
2.4,0.9301585960347528,-3.120238818189954,1.75131036149854,1.4270995285541792
2.5,0.929786215289163,-3.1204569124300616,1.7510594431766298,1.4268590829203833
2.6,0.9294118051986121,-3.120671308958758,1.7508063645068739,1.4266182209425127
2.6999999999999997,0.9290236003547214,-3.1208787523378207,1.750551121708237,1.4263769363599335
2.8000000000000003,0.9286244486576081,-3.1211046604517287,1.7502937108448378,1.4261352225959945
2.9,0.9282194103609039,-3.1213325019111244,1.7500341280254914,1.4258930728489898
3.0,0.9278154580314478,-3.1215668567339776,1.749772369467679,1.425650480412103
3.1,0.9274080924841137,-3.1218033135009784,1.7495084315831364,1.425407438837358
3.2,0.9269921094747366,-3.1220182299554726,1.7492423109290838,1.4251639416155517
3.3,0.9265880429638386,-3.122223132049204,1.748974003820175,1.4249199819909857
3.4,0.9261955879458571,-3.122418569721612,1.7487035065738,1.4246755534308477
3.5,0.9258099593816523,-3.122607828209099,1.7484308155199664,1.424430649664171
3.5999999999999996,0.9254279043525845,-3.1228058736760174,1.7481559268277123,1.424185264402978
3.7,0.9250419041196671,-3.1229994189290706,1.7478788368577345,1.4239393913838987
3.8000000000000003,0.9246455982554492,-3.123179535213511,1.747599542094235,1.4236930242187134
3.9000000000000004,0.9242526517134863,-3.1233513266383928,1.7473180388651937,1.4234461563124765
4.0,0.9238662571205613,-3.1235360157187237,1.747034323442752,1.4231987813219569
4.1,0.9234663649792446,-3.123722130100005,1.7467483923165399,1.4229508931695736
4.2,0.9230652741022816,-3.123919972083891,1.7464602421638526,1.4227024855753627
4.3,0.9226625681218605,-3.1241141339963554,1.7461698696911938,1.4224535523425517
4.4,0.9222433138298807,-3.1243079879991584,1.7458772716563373,1.422204087480179
4.5,0.9218146504818427,-3.124486821131871,1.745582444963394,1.4219540848038341
4.6,0.9213823292037148,-3.1246471981163637,1.745285386482303,1.4217035379376897
4.7,0.9209596879542261,-3.124793818788956,1.744986092891273,1.421452440636281
4.8,0.9205342569762635,-3.1249281056059135,1.7446845608575414,1.4212007868734626
4.9,0.9201193451465014,-3.1250570076179143,1.7443807872922488,1.4209485707174216
5.0,0.9197038644534675,-3.1251754643399554,1.7440747694331562,1.4206957865183933
5.1000000000000005,0.9192800152700195,-3.125275419344086,1.7437665044393882,1.4204424287161859
5.2,0.9188483380943304,-3.1253636439926415,1.7434559892441552,1.420188491515552
5.3,0.9184193073803701,-3.1254513022353785,1.743143220900283,1.41993396904128
5.3999999999999995,0.9179944857489781,-3.1255332037931356,1.7428281966388801,1.4196788555414206
5.5,0.9175738455368722,-3.125609559217142,1.7425109136706862,1.4194231453702617
5.6000000000000005,0.9171550048645012,-3.1256755835086985,1.7421913691268103,1.419166832976088
5.7,0.9167290660853981,-3.1257428420197173,1.7418695600627063,1.4189099127365312
5.8,0.9163077953157538,-3.125816989137004,1.74154548343363,1.4186523787365717
5.8999999999999995,0.915888303515873,-3.1258942402080767,1.7412191362509433,1.4183942250582886
6.0,0.9154653438833158,-3.1259684575255826,1.7408905156072894,1.418135445927634
6.1000000000000005,0.9150322226133096,-3.126036357541866,1.74055961851012,1.4178760354161979
6.2,0.9146041694065923,-3.1261075200381883,1.7402264418481848,1.4176159874107719
6.3,0.9141771539358243,-3.1261847642246843,1.7398909825637985,1.4173552960390183
6.4,0.9137412507575429,-3.1262619174331125,1.7395532377779948,1.4170939555940811
6.5,0.9133091821440616,-3.126349016746511,1.7392132044847746,1.4168319602171284
6.6,0.912873545685075,-3.126442823574805,1.7388708797950332,1.4165693040966436
6.7,0.9124421133440277,-3.1265276182118056,1.738526261141663,1.4163059815043706
6.8,0.9120135849467165,-3.1266133039764474,1.7381793456449248,1.4160419867183391
6.9,0.9115864950485919,-3.1267042894339436,1.7378301302600134,1.4157773139732381
7.0,0.9111664458186757,-3.126783438173989,1.7374786120993941,1.4155119574922435
7.1,0.910749704132688,-3.1268659017845835,1.7371247882936585,1.4152459117031235
7.199999999999999,0.910329448509427,-3.1269395294877214,1.7367686561529527,1.4149791712416695
7.300000000000001,0.9099029154582358,-3.127013661613144,1.7364102130874566,1.4147117308603026
7.4,0.9094638438568619,-3.127100609597127,1.736049456601301,1.4144435853387918
7.5,0.9090138864091882,-3.1271775224517135,1.7356863844084003,1.4141747293075495
7.6000000000000005,0.9085646240992699,-3.1272602706774797,1.735320994144752,1.4139051572119077
7.699999999999999,0.9081235593504743,-3.127337562987219,1.7349532832450845,1.4136348637139768
7.800000000000001,0.9076658590494517,-3.1274202652702856,1.7345832491083568,1.413363843714283
7.8999999999999995,0.9072073863139715,-3.1275127562153253,1.7342108892175339,1.4130920918573924
8.0,0.9067417097863124,-3.1276164055324043,1.733836201087577,1.412819602654987
8.100000000000001,0.9062685308450769,-3.127710843926955,1.7334591822378407,1.4125463704071253
8.2,0.9058078550063943,-3.1277863823135803,1.7330798300547043,1.4122723890697815
8.3,0.9053716093992566,-3.127863914010772,1.7326981418233796,1.411997653011981
8.4,0.9049308504312754,-3.1279380898107796,1.7323141148474344,1.4117221572165155
8.5,0.9044837005461904,-3.1280226569536174,1.7319277465382654,1.4114458964939687
8.6,0.9040403930292646,-3.128103934967676,1.7315390346783441,1.411168865419214
8.7,0.9035979593979279,-3.1281670732394598,1.731147976943057,1.4108910586089682
8.8,0.903167131585571,-3.128229964176728,1.7307545706637804,1.4106124708048873
8.9,0.9027357519359865,-3.1282956846614574,1.7303588135042007,1.410333097117962
9.0,0.9022984197261813,-3.1283550117989423,1.7299607034626647,1.4100529326638076
9.1,0.9018678238890766,-3.128407871615015,1.7295602383766904,1.4097719724422735
9.2,0.9014265308851032,-3.1284559003449117,1.7291574160952563,1.409490211740344
9.3,0.9009788391622204,-3.128509142441796,1.7287522346254496,1.4092076458016058
9.4,0.9005306225564971,-3.1285538962993087,1.728344691997891,1.408924269794857
9.5,0.9000750709365442,-3.1286022111088663,1.727934786259526,1.408640079033767
9.6,0.8996225473917718,-3.1286505695682476,1.7275225154619256,1.408355068868827
9.7,0.8991605275507836,-3.128697505017769,1.7271078777525448,1.4080692348702848
9.8,0.8986830169944195,-3.1287381762941937,1.726690871192871,1.407782572360558
9.9,0.8982217369897754,-3.128786858016759,1.726271493793305,1.4074950763618128
10.0,0.8977602704458806,-3.128839717410091,1.72584974377278,1.4072067423421397
10.1,0.8972968270522659,-3.1288995498800882,1.725425619363006,1.4069175657575912
10.200000000000001,0.8968449554306736,-3.1289542610608803,1.7249991186726785,1.406627541917476
10.299999999999999,0.8963841074411428,-3.1290098171841008,1.724570239847731,1.4063366663415642
10.4,0.8959296510977895,-3.12905844480868,1.7241389811589645,1.4060449343481645
10.5,0.8954898023935933,-3.129107153468469,1.723705340829233,1.4057523412812156
10.6,0.8950514028301042,-3.1291530128608853,1.7232693170489262,1.4054588828573549
10.700000000000001,0.8946123989411,-3.129199236709557,1.7228309080655815,1.4051645548649156
10.799999999999999,0.8941628787621273,-3.1292335598130343,1.722390112151697,1.4048693529594
10.9,0.893712548556557,-3.1292579009559804,1.7219469275349786,1.4045732727225786
11.0,0.8932532838332148,-3.129283711538964,1.7215013523875,1.4042763098527395
11.1,0.8927849207405573,-3.129303323888709,1.7210533849062435,1.4039784599715077
11.200000000000001,0.892317157030028,-3.129315330187887,1.72060302341604,1.4036797186216323
11.299999999999999,0.8918492684913055,-3.1293194078678153,1.7201502664597372,1.4033800815265425
11.4,0.8913874651750265,-3.1293151325190047,1.719695112629786,1.403079544609073
11.5,0.8909192922236058,-3.129304691536286,1.7192375604456416,1.402778103931091
11.6,0.8904493871369319,-3.129293090786172,1.7187776083652224,1.402475755467381
11.700000000000001,0.8899722775518875,-3.1292681298101126,1.7183152548358602,1.402172495176024
11.799999999999999,0.8894856390442331,-3.129242285470543,1.7178504983305931,1.4018683190641175
11.9,0.8889923783858967,-3.1292187925172015,1.7173833373801937,1.4015632230396744
12.0,0.8884968039546535,-3.129198184046098,1.7169137704072526,1.4012572030416894
12.1,0.8879878284521409,-3.1291872451524587,1.7164417957086426,1.4009502550804669
12.200000000000001,0.8874739026541475,-3.12917958703577,1.7159674119927566,1.4006423750627013
12.299999999999999,0.8869634269749692,-3.1291613987279425,1.7154906182234542,1.4003335590007668
12.4,0.8864452651735962,-3.1291332522235087,1.7150114131401875,1.400023803152213
12.5,0.8859261543212896,-3.129101340539931,1.7145297955153374,1.3997131037429869
12.6,0.885415867356141,-3.129072875101606,1.7140457642580438,1.399401457066695
12.7,0.8849055889149277,-3.1290445072072064,1.713559318273193,1.3990888597841067
12.8,0.8843826251017923,-3.129012733386582,1.7130704565599386,1.3987753087266181
12.9,0.8838481810426096,-3.1289759131809842,1.7125791782251927,1.3984608004662817
13.0,0.8833170097739128,-3.1289383926006473,1.7120854823030627,1.3981453313533443
13.1,0.8827864690984677,-3.1288947102643916,1.7115893676607354,1.3978288978897082
13.2,0.8822524499563089,-3.12884969143863,1.7110908332099082,1.3975114967026652
13.3,0.8817201346006144,-3.1287971977958855,1.7105898781326172,1.397193124430052
13.4,0.881183239921935,-3.1287233192973636,1.710086501500178,1.3968737777818114
13.5,0.880642549003772,-3.1286528755131786,1.7095807020674627,1.3965534533507427
13.6,0.8801102386512712,-3.1285837956735225,1.7090724785974876,1.3962321476089041
13.7,0.8795836503529626,-3.1285254219655068,1.7085618299917358,1.39590985726788
13.8,0.8790555178893167,-3.12847204739474,1.7080487554513106,1.3955865793043234
13.9,0.878522740136659,-3.1284139263095323,1.7075332543160655,1.3952623106265736
14.0,0.8779923279612326,-3.1283496967841256,1.7070153256892409,1.3949370482086194
14.1,0.8774419407884406,-3.128287940233836,1.7064949687302657,1.394610789311656
14.2,0.876877842576323,-3.1282221079236194,1.7059721826959722,1.3942835308594057
14.3,0.8763203168869943,-3.128153688435355,1.7054469666620529,1.3939552693786308
14.399999999999999,0.8757715668517179,-3.128076769999906,1.7049193197510535,1.3936260018275421
14.5,0.8752163067397,-3.1280051049429263,1.7043892411094654,1.3932957255060148
14.600000000000001,0.8746637285595693,-3.127941711492566,1.7038567299740177,1.3929644376355583
14.7,0.8741015824474128,-3.127871536241324,1.7033217859301817,1.3926321356165094
14.8,0.8735282873410435,-3.1277975474640294,1.7027844086118251,1.3922988168647756
14.899999999999999,0.872956761988143,-3.127730106867836,1.702244597500342,1.3919644786768186
15.0,0.8723817907982019,-3.127663923707288,1.7017023521455048,1.3916291185631346
15.1,0.8718043384391923,-3.1275960765043958,1.7011576721356623,1.3912927342333872
15.200000000000001,0.871218246641556,-3.1275295435553367,1.7006105571714878,1.3909553235026733
15.3,0.8706260646821962,-3.127458900281614,1.7000610071439446,1.3906168841823088
15.399999999999999,0.870031361123089,-3.1273924267053093,1.6995090219019153,1.3902774139194756
15.500000000000002,0.8694450572815154,-3.1273234102486445,1.6989546012735632,1.389936910460161
15.600000000000001,0.8688474335016939,-3.1272515323604417,1.6983977449093248,1.3895953717534004
15.7,0.8682449934894976,-3.1271812889845574,1.6978384522297534,1.3892527956163123
15.799999999999999,0.8676349233939414,-3.127121386545515,1.6972767228361967,1.3889091799008397
15.9,0.8670128928494496,-3.127059628982287,1.6967125566036638,1.388564522521127
16.0,0.8663909119711158,-3.1269938086624918,1.6961459533985277,1.3882188213505513
16.099999999999998,0.8657658746703116,-3.126935064249778,1.6955769131995417,1.3878720743394801
16.200000000000003,0.8651575949411713,-3.1268729948339145,1.6950054362280838,1.3875242796054883
16.3,0.8645465169800362,-3.126801109419411,1.6944315226271072,1.3871754358189865
16.4,0.8639124636239721,-3.1267307384018834,1.6938551725331943,1.3868255418901443
16.5,0.8632589388873633,-3.1266586068040243,1.6932763862059317,1.3864745962226925
16.6,0.8626041700274836,-3.1265888461819156,1.6926951637022654,1.3861225968085007
16.7,0.8619536662907685,-3.1265262760555075,1.6921115048274153,1.3857695418468332
16.8,0.8613011594642038,-3.1264893000161136,1.6915254096871997,1.385415429895295
16.900000000000002,0.8606468843309594,-3.126439507324074,1.690936878889729,1.3850602596595831
17.0,0.8599857260236455,-3.1263846649283704,1.690345913029443,1.3847040299437219
17.099999999999998,0.8593206558611215,-3.126325422765818,1.6897525125735504,1.3843467395426696
17.2,0.8586572965800756,-3.126267802512948,1.6891566780095382,1.3839883872937744
17.3,0.8579887763409435,-3.1262056076596303,1.68855840984404,1.3836289722627952
17.4,0.8573092319495826,-3.1261403747903147,1.6879577086914295,1.3832684936503323
17.5,0.8566177810188175,-3.1260756583976703,1.687354575200997,1.3829069504865235
17.6,0.8559264180580551,-3.126009085075174,1.6867490098929971,1.3825443415553502
17.7,0.8552369163537095,-3.12593799285295,1.6861410131030723,1.3821806657788778
17.8,0.8545351619647145,-3.1258585195948574,1.685530585096674,1.3818159221262933
17.9,0.8538455950335154,-3.125780845642372,1.6849177261514132,1.3814501094007938
18.0,0.8531579659647134,-3.125711468032324,1.6843024365655468,1.3810832267048732
18.1,0.852462729512412,-3.125637856900537,1.6836847168418867,1.3807152734970176
18.2,0.8517506390522818,-3.1255601419989634,1.6830645676568603,1.3803462490814544
18.3,0.851044880658335,-3.1254834314696627,1.6824419897565732,1.3799761525547267
18.4,0.8503375014958762,-3.125396294705811,1.681816984040054,1.3796049832107538
18.5,0.8496374729752192,-3.125296302329593,1.6811895512907462,1.3792327404801064
18.6,0.8489405647444009,-3.1251902838653334,1.6805596920400911,1.378859424003356
18.7,0.8482324947552695,-3.1250850129582015,1.6799274069001422,1.3784850336356727
18.8,0.8475173089380424,-3.124979486096047,1.6792926967617592,1.3781095690805638
18.9,0.846799324181026,-3.124869086251029,1.6786555626800832,1.3777330300928665
19.0,0.8460660728628456,-3.1247514509616097,1.6780160055591766,1.3773554165324067
19.1,0.8453292402311279,-3.1246337173363576,1.6773740261005643,1.3769767280758003
19.2,0.8445908208783508,-3.1245172952006075,1.6767296251615902,1.376596964398164
19.3,0.843857082307618,-3.124392255556994,1.6760828037005648,1.3762161253621135
19.4,0.8431226571359494,-3.1242697514646216,1.6754335625914585,1.3758342109342028
19.5,0.8423966515430718,-3.1241454634242913,1.6747819029341824,1.375451221210417
19.6,0.8416680853402849,-3.1240157299339275,1.6741278257669385,1.3750671564707395
19.7,0.8409341950383011,-3.1238875743356744,1.6734713320041743,1.3746820168851859
19.8,0.8402099124168282,-3.1237470087024177,1.6728124229373789,1.3742958026518333
19.9,0.8394824471166595,-3.123602100799702,1.672151100030667,1.3739085141982643
20.0,0.8387703725380162,-3.123450741748835,1.6714873647693491,1.373520152111525
20.1,0.838051038140892,-3.123295976920854,1.6708212186350124,1.3731307173900558
20.2,0.8373152880938668,-3.123131346997061,1.670152662996482,1.3727402109069105
20.3,0.8365871142505117,-3.122964830902767,1.6694816992896075,1.3723486332513029
20.400000000000002,0.8358543752746246,-3.1227942878229924,1.6688083292166411,1.371955985437923
20.5,0.8351116314334512,-3.122619157557195,1.668132554333541,1.3715622685536784
20.599999999999998,0.8343659141615886,-3.1224483207287927,1.6674543760331664,1.371167483424841
20.7,0.833617628477639,-3.1222739939923123,1.6667737959801598,1.3707716310363234
20.8,0.8328597727383958,-3.12210488426095,1.6660908158100296,1.3703747124963486
20.9,0.8320935513599416,-3.1219311732237998,1.6654054370250928,1.3699767287991071
21.0,0.8313190203782054,-3.1217489307183226,1.6647176612697496,1.3695776810110143
21.1,0.8305336049817347,-3.1215602655359715,1.6640274903678536,1.369177570296779
21.2,0.8297487818787717,-3.121365012868414,1.6633349260083115,1.3687763976771863
21.299999999999997,0.8289705632187395,-3.121164811216503,1.6626399696315584,1.3683741643883995
21.400000000000002,0.8281811005216676,-3.120976792974824,1.6619426229332788,1.3679708720061459
21.5,0.8273951489471333,-3.1207816958748547,1.6612428880648513,1.3675665219922415
21.599999999999998,0.826616150088862,-3.1205881120588446,1.6605407672377142,1.3671611159268773
21.700000000000003,0.8258350765016657,-3.120386108303989,1.6598362624449225,1.3667546557585173
21.8,0.825041104046958,-3.1201878943886143,1.659129375722116,1.3663471434650651
21.9,0.8242446759615675,-3.119975001764757,1.658420109288111,1.365938580860238
22.0,0.8234479606197914,-3.1197658320064527,1.657708465360724,1.3655289699103959
22.1,0.8226434187183453,-3.1195548822772436,1.6569944463436659,1.3651183128462183
22.2,0.821830672902014,-3.1193320335690067,1.6562780547289058,1.364706611921763
22.299999999999997,0.8210062673908955,-3.1191048266357013,1.6555592929072256,1.3642938693418005
22.400000000000002,0.8201804390111278,-3.118883129803488,1.6548381633289944,1.3638800872809815
22.5,0.8193499781148748,-3.11865930138801,1.6541146683472296,1.3634652679475576
22.599999999999998,0.8185165586842449,-3.1184367582986257,1.6533888101225616,1.3630494135068714
22.700000000000003,0.8176890379286139,-3.1182181555820354,1.652660591007381,1.3626325261363805
22.8,0.8168666597187288,-3.1179879731775753,1.6519300134305703,1.3622146082516693
22.9,0.8160406611840499,-3.1177565657306823,1.6511970796172462,1.3617956624136558
23.0,0.8152167281890624,-3.11752286578892,1.650461792008311,1.36137569134321
23.1,0.8143781833329382,-3.1172874105387995,1.6497241532521232,1.3609546978173561
23.2,0.813546232989148,-3.117051556941451,1.6489841661221265,1.3605326844234886
23.299999999999997,0.8127170943838042,-3.1167976529967025,1.6482418335159432,1.3601096538459962
23.400000000000002,0.8118974577704774,-3.116536132259331,1.6474971581126592,1.3596856091027085
23.5,0.8110664558282112,-3.116276557618939,1.6467501425190851,1.3592605534363553
23.599999999999998,0.8102285856104928,-3.1160142319693955,1.6460007895197875,1.3588344898226474
23.700000000000003,0.809401229576386,-3.1157491502820887,1.6452491018807662,1.3584074210122044
23.8,0.8085836259221024,-3.115493421736152,1.6444950823075584,1.3579793500071209
23.9,0.8077721699117126,-3.1152205901924286,1.6437387336262383,1.3575502800735624
24.0,0.8069631624705145,-3.1149457873790984,1.642980058736411,1.3571202146611416
24.1,0.8061545352376678,-3.1146726359599572,1.6422190605718507,1.356689157189532
24.2,0.8053585160841413,-3.1144026267302194,1.6414557421814282,1.3562571110766415
24.3,0.8045648915917545,-3.114134906934991,1.6406901068974051,1.355824080058002
24.400000000000002,0.8037692938024058,-3.113846916594783,1.6399221580082537,1.3553900679032993
24.5,0.8029810778636708,-3.113567333672853,1.6391518985615903,1.3549550784389635
24.599999999999998,0.8021768356911443,-3.1132825700565996,1.638379331834982,1.354519115756432
24.7,0.8013677659405752,-3.1130011472571946,1.6376044610623544,1.3540821837406825
24.8,0.8005541913500372,-3.112720965334645,1.6368272891637734,1.3536442860812108
24.9,0.7997409458971061,-3.1124393901195244,1.6360478190598098,1.3532054267018725
25.0,0.798913117665425,-3.112162077349809,1.6352660539805344,1.352765609732909
25.1,0.7980859909614473,-3.111879491916187,1.6344819976166907,1.3523248392631502
25.2,0.7972558142213816,-3.111578799493548,1.6336956535704563,1.3518831194572372
25.3,0.7964255963568344,-3.111286190879819,1.632907025010577,1.3514404546562344
25.4,0.7955827676076954,-3.1109922278248736,1.6321161151874568,1.350996849305407
25.5,0.7947333457972161,-3.110704108838626,1.6313229274931038,1.3505523077735073
25.6,0.7938798482821441,-3.110418827292678,1.6305274652833686,1.350106834447622
25.7,0.7930182837505206,-3.1101395565731647,1.6297297321120325,1.349660433722878
25.8,0.7921747230520597,-3.1098617023414348,1.6289297317901088,1.3492131099997016
25.9,0.7913339769287121,-3.109573925052841,1.628127468166535,1.3487648681969329
26.0,0.790483682740346,-3.1092913078010254,1.6273229450248938,1.3483157133966592
26.1,0.7896359108895512,-3.108997915680658,1.6265161663099583,1.3478656504623996
26.2,0.7887815112210115,-3.1086842194647706,1.625707135825985,1.3474146843932766
26.3,0.7879183430240172,-3.1083705027252577,1.624895857036615,1.3469628202373385
26.4,0.7870500748724769,-3.1080521221702284,1.6240823336777668,1.3465100631173657
26.5,0.7861644405932393,-3.1077194976414395,1.6232665696677233,1.346056418282987
26.6,0.7852727658087173,-3.107388288454279,1.622448568629955,1.3456018907658853
26.7,0.7843847674162502,-3.107062456874678,1.6216283341748983,1.3451464855883595
26.8,0.7834961462615009,-3.1067391999569547,1.620805870348276,1.344690208136649
26.9,0.7826067264344881,-3.1064143397292168,1.6199811815459844,1.3442330639674225
27.0,0.7817189600348885,-3.1060781671834174,1.6191542720546008,1.3437750587342854
27.1,0.7808187302885607,-3.105737950814885,1.6183251459350065,1.3433161981669555
27.2,0.7799193325836266,-3.1053971835686154,1.6174938074555605,1.342856487989812
27.3,0.7790100704597783,-3.105041125668918,1.6166602610442546,1.3423959339596439
27.4,0.7781101677542995,-3.1046872379343244,1.6158245108301035,1.341934541743956
27.5,0.7772191676686551,-3.104344740102024,1.6149865608775804,1.341472317216891
27.6,0.7763249161015955,-3.10399976114272,1.6141464153886775,1.3410092665143756
27.7,0.7754302134261074,-3.1036564430927505,1.6133040786768986,1.3405453958540945
27.8,0.7745215940188713,-3.1033086737372675,1.612459555194112,1.34008071158043
27.900000000000002,0.7736023576102271,-3.1029593968351294,1.6116128495100248,1.3396152199064342
28.0,0.7726827573388494,-3.1025958916264758,1.610763966441747,1.339148927108297
28.099999999999998,0.7717516548418244,-3.1022332164877393,1.6099129108501156,1.3386818396727804
28.2,0.7708206218731124,-3.1018660979713535,1.6090596874492107,1.3382139640428696
28.3,0.7698818006485976,-3.1015072878012204,1.608204301095991,1.3377453067338203
28.4,0.7689449130304031,-3.101150919389312,1.6073467571267726,1.337275874320293
28.5,0.7680154661348652,-3.100788081490383,1.606487060966723,1.3368056735575207
28.6,0.7670706555065426,-3.100405639888667,1.6056252176207522,1.3363347113115482
28.7,0.7661320840223544,-3.1000212363081365,1.6047612320044335,1.3358629943283657
28.799999999999997,0.7651898177352312,-3.09963087645758,1.603895109121093,1.3353905295794397
28.900000000000002,0.7642373543608464,-3.0992362908563464,1.603026853837974,1.3349173241861303
29.0,0.7632768204235432,-3.0988449218704206,1.6021564710095217,1.3344433852268962
29.099999999999998,0.7623015143217328,-3.098443775053528,1.6012839655394053,1.3339687197158132
29.200000000000003,0.761329322834408,-3.0980489144668124,1.600409342394251,1.333493334625762
29.3,0.7603525754365893,-3.0976452186858494,1.5995326067569111,1.3330172371619333
29.4,0.7593743406219544,-3.097242688443507,1.5986537640357499,1.3325404347248204
29.5,0.7583898773336649,-3.096824473745535,1.5977728196427146,1.332062934799899
29.6,0.7573959035744439,-3.096405609162694,1.5968897787953429,1.3315847448076745
29.7,0.756405824675289,-3.095983791967473,1.5960046467850513,1.3311058721639222
29.799999999999997,0.7554103209555527,-3.0955650505889616,1.5951174289910042,1.330626324417508
29.900000000000002,0.7544213450704621,-3.095145052191398,1.5942281307109027,1.3301461091578801
30.0,0.7534316052689665,-3.0947370599350044,1.5933367572344694,1.3296652342497923
30.1,0.7524258442005475,-3.0943330143025376,1.592443314071093,1.3291837076891597
30.2,0.7514190574787403,-3.093927776594809,1.5915478068450775,1.3287015373647935
30.3,0.7503997620144385,-3.0935322193929995,1.5906502410420735,1.3282187312251192
30.400000000000002,0.7493775342599106,-3.0931314218798978,1.5897506222613358,1.3277352971855756
30.5,0.74835926591276,-3.0927333687287013,1.5888489562172143,1.3272512433085082
30.6,0.747334142057979,-3.092342155153468,1.5879452486133738,1.3267665778941382
30.700000000000003,0.7463099098261944,-3.0919632464290925,1.587039505236628,1.3262813092024974
30.799999999999997,0.7452833347442184,-3.0915870042337463,1.5861317318853454,1.3257954455566108
30.900000000000002,0.7442493062026116,-3.091223817879346,1.5852219343698823,1.3253089954222113
31.000000000000004,0.7432070772934348,-3.09086816121551,1.5843101187146884,1.3248219672300736
31.099999999999998,0.7421630119844108,-3.0905073042612243,1.5833962910111121,1.3243343692487959
31.200000000000003,0.7411326520606604,-3.0901487663800964,1.5824804572250917,1.3238462098205614
31.299999999999997,0.7401084979422013,-3.0897991133127283,1.5815626233517301,1.323357497667046
31.4,0.7390831479344818,-3.0894512041721587,1.580642795578195,1.322868241725401
31.5,0.738053601638081,-3.0891017266480807,1.579720980188674,1.3223784508878311
31.599999999999998,0.7370257967227543,-3.0887599247011104,1.578797183546487,1.3218881339353337
31.7,0.7360072341868651,-3.0884149276836315,1.577871412318424,1.3213972997483334
31.8,0.7349911464628593,-3.0880697513519904,1.5769436731919166,1.3209059573969075
31.9,0.7339744444870336,-3.087721083386245,1.576013972692806,1.320414115919493
32.0,0.7329602967661758,-3.0873742612709862,1.5750823175248208,1.3199217843622342
32.1,0.7319426485936464,-3.0870201029537205,1.5741487145371211,1.319428971858259
32.199999999999996,0.7309224305897316,-3.086651170902698,1.5732131703753778,1.318935687663392
32.3,0.7298831192786274,-3.086283748202542,1.5722756916079759,1.318441941119817
32.400000000000006,0.7288426986141937,-3.085915345361366,1.5713362850013715,1.317947741424963
32.5,0.7278042456016498,-3.0855416264853606,1.570394957191307,1.3174530978161034
32.6,0.7267659443964289,-3.085166002786197,1.5694517145406308,1.3169580198558717
32.7,0.7257102245749851,-3.0847831327874498,1.5685065635906517,1.3164625173642361
32.8,0.7246392055683601,-3.08439100831102,1.5675595110652782,1.315966600048628
32.9,0.7235640221917711,-3.083993756557825,1.5666105635362504,1.3154702775476228
33.0,0.7224725948234305,-3.0835976457448937,1.5656597275316284,1.314973559735922
33.1,0.7213674975647949,-3.0832145801896083,1.5647070098408802,1.3144764564486708
33.2,0.7202611313569508,-3.0828271423458555,1.5637524174806323,1.3139789773587223
33.300000000000004,0.7191579776472865,-3.082440576869401,1.5627959573795656,1.3134811322332796
33.4,0.7180613524798474,-3.082063094271906,1.5618376365417073,1.3129829310818613
33.5,0.7169626263373967,-3.081682058288104,1.560877462119879,1.3124843841786624
33.6,0.7158510275737294,-3.081306853794299,1.559915441270427,1.3119855018749589
33.699999999999996,0.714730192842993,-3.080925416701332,1.5589515812552595,1.3114862943537071
33.800000000000004,0.7136140622980337,-3.080549227946727,1.557985889180157,1.3109867716930736
33.9,0.712500525019581,-3.080176612899887,1.5570183719914903,1.3104869441443185
34.0,0.7113857975253945,-3.079810942872503,1.5560490369477444,1.3099868220884756
34.1,0.7102832092486497,-3.0794512722088188,1.5550778917161932,1.3094864159293191
34.199999999999996,0.7091831986332702,-3.079078603486229,1.5541049439628118,1.308985736204546
34.3,0.7080836966095497,-3.0787044785848092,1.5531302010759527,1.3084847935656123
34.4,0.7069756154434085,-3.0783447533863937,1.5521536704917274,1.3079835987256097
34.5,0.7058565143845382,-3.077991072595587,1.5511753599272098,1.3074821624075987
34.6,0.7047256280828706,-3.0776523537976344,1.550195277211629,1.3069804952647635
34.7,0.7035910249878232,-3.077318612957307,1.5492134301530214,1.3064786079433237
34.8,0.7024462113275415,-3.076993498018212,1.548229826652527,1.3059765111908912
34.9,0.7012983611061622,-3.076663833377486,1.5472444746957312,1.3054742158310944
35.0,0.7001372885712696,-3.076338949052743,1.5462573822187562,1.3049717327038264
35.099999999999994,0.6989730269726548,-3.076019333386845,1.5452685573258995,1.304469072580672
35.2,0.6978026546449578,-3.0756968167885104,1.5442780083593948,1.3039662461756998
35.300000000000004,0.6966333902790487,-3.075360873927687,1.543285743617036,1.3034632641936514
35.4,0.6954655991716875,-3.0750356531973146,1.5422917713187663,1.3029601375333673
35.5,0.6942872144691808,-3.07472912854437,1.5412960999116225,1.3024568771414045
35.6,0.6931195198541672,-3.0744135795665333,1.5402987379568973,1.301953493806162
35.699999999999996,0.6919555831986212,-3.074093424135766,1.5392996936778567,1.3014499985540453
35.8,0.6907960641646922,-3.0737855208324354,1.5382989752490384,1.3009464028149496
35.900000000000006,0.68962421939007,-3.0734688279486693,1.5372965909855845,1.3004427181215064
36.0,0.6884591734047912,-3.073159062651071,1.5362925490077857,1.2999389558967143
36.1,0.6872936741801704,-3.072840331053786,1.5352868573290812,1.2994351277970602
36.2,0.6861180899383528,-3.0725328540962864,1.5342795238714817,1.2989312456847504
36.3,0.6849335101859545,-3.072229528677875,1.5332705566498566,1.2984273212392827
36.4,0.6837521925819502,-3.0719242472997923,1.5322599641617678,1.297923366145929
36.5,0.6825669503546136,-3.07160838595527,1.5312477550532353,1.2974193922996071
36.6,0.6813737595643451,-3.0712855376768577,1.5302339377788965,1.2969154115884682
36.7,0.6801721854014957,-3.0709505965645505,1.5292185208484914,1.296411435833283
36.8,0.6789641316653829,-3.0706132511993984,1.5282015128569792,1.2959074769152397
36.9,0.6777456127193976,-3.070279738963478,1.5271829224416023,1.2954035467639622
37.0,0.6765226002798695,-3.0699407707577673,1.5261627585201614,1.2948996573472518
37.099999999999994,0.6752968073405702,-3.0695861277602234,1.525141029938017,1.2943958207445188
37.2,0.6740690645083838,-3.0692427806298985,1.5241177451732144,1.2938920491149872
37.300000000000004,0.6728390937320793,-3.068898456401265,1.5230929127498025,1.2933883546405749
37.4,0.6716076979552823,-3.0685542955238656,1.5220665414537544,1.2928847495603095
37.5,0.6703762617592652,-3.068209941520474,1.5210386402647995,1.2923812462022695
37.6,0.6691437225912773,-3.0678774627242587,1.5200092182581244,1.2918778569125307
37.699999999999996,0.6679075900490725,-3.0675385005731615,1.5189782846903777,1.291374594029698
37.8,0.6666649091296108,-3.0671860577696046,1.5179458489652256,1.290871469944505
37.900000000000006,0.6654172970692344,-3.0668334209608936,1.516911920245955,1.2903684970923546
38.0,0.6641555781793358,-3.0664876154720635,1.5158765077530085,1.2898656879565715
38.1,0.662884758799544,-3.066132906084373,1.5148396210260726,1.2893630550330626
38.2,0.6616056482573237,-3.065778264425751,1.5138012693333252,1.2888606108132994
38.3,0.6603161200286514,-3.0654317414089873,1.5127614618170273,1.2883583679137065
38.4,0.6590087582335072,-3.065091556536927,1.5117202079637024,1.2878563389890372
38.5,0.657699619617447,-3.064752224414456,1.5106775174021094,1.287354536588481
38.6,0.6563907221793049,-3.064420320997178,1.5096333997373452,1.286852973456349
38.7,0.6550655800383766,-3.064091123850827,1.5085878646178237,1.2863516625363973
38.8,0.6537316509241269,-3.0637582388309084,1.5075409216666928,1.2858506167380572
38.9,0.6523758366405202,-3.0634297158695003,1.5064925803335805,1.2853498489182333
39.0,0.6510132994878371,-3.0631105800665757,1.5054428501888033,1.2848493717597338
39.099999999999994,0.6496571312781588,-3.0627973203002363,1.5043917412060663,1.2843491980426731
39.2,0.6482936855155677,-3.0624905208114073,1.5033392635864578,1.283849340757084
39.300000000000004,0.6469364129251051,-3.062183422950457,1.5022854275023898,1.2833498128383776
39.4,0.6455755561806114,-3.061879089536228,1.5012302429973292,1.2828506273737448
39.5,0.6441993427943349,-3.0615880441118906,1.5001737201708811,1.2823517974519247
39.6,0.6428346550648777,-3.061286444556892,1.4991158692707336,1.281853336046781
39.699999999999996,0.6414681926416964,-3.060978853621038,1.4980567004333796,1.281355256526209
39.8,0.6400913557994481,-3.060678832664682,1.4969962236584642,1.280857572493276
39.900000000000006,0.6387092310301564,-3.060378187011157,1.4959344490093118,1.2803602974434363
40.0,0.6373239760675301,-3.0600782149089265,1.4948713865940535,1.2798634448460886
40.1,0.6359404986563889,-3.059776531675888,1.4938070466470899,1.2793670282411698
40.2,0.6345532313895733,-3.059480800805061,1.4927414396495622,1.2788710612185334
40.3,0.6331591994033042,-3.059172647622443,1.4916745762121695,1.2783755572294977
40.4,0.6317634764219185,-3.0588634754677484,1.4906064668445778,1.2778805294991782
40.5,0.6303721299189157,-3.0585625206717824,1.4895371220804927,1.2773859912223953
40.6,0.6289736895744714,-3.058263773549458,1.4884665528517365,1.276891955743371
40.7,0.6275700109544414,-3.0579599261892128,1.487394770240598,1.2763984364161818
40.800000000000004,0.6261638036389566,-3.05765226985072,1.4863217852331243,1.2759054466011042
40.9,0.6247614635139682,-3.0573480526051213,1.4852476089323978,1.275412999879236
41.0,0.6233540127897371,-3.057038468601819,1.4841722523262237,1.2749211099930657
41.1,0.6219428254077759,-3.0567246083786954,1.4830957261592241,1.2744297906957796
41.199999999999996,0.6205260117550265,-3.056402441512632,1.4820180411884651,1.273939055800587
41.300000000000004,0.6191051727535394,-3.056084077403262,1.480939208140231,1.2734489191989007
41.4,0.6176797601033815,-3.0557924955300066,1.4798592380475102,1.2729593948773381
41.5,0.6162459193912102,-3.055500945690688,1.4787781423432265,1.2724704968460965
41.6,0.6148015992803463,-3.0552061604149965,1.4776959323060357,1.271982238975575
41.699999999999996,0.6133553193433846,-3.054906647787514,1.4766126191610611,1.271494635097619
41.8,0.6118988096861969,-3.054598475250824,1.4755282143145179,1.2710076991070758
41.9,0.6104411679724249,-3.0542851360435157,1.4744427293119922,1.2705214448950217
42.0,0.6089807493024058,-3.053976822218063,1.4733561757148514,1.2700358863682002
42.1,0.6075103598116396,-3.0536667441414935,1.4722685651525265,1.2695510374314511
42.2,0.6060301931428372,-3.053350964259393,1.4711799094457214,1.2690669119021434
42.3,0.604550745727181,-3.053042829295985,1.4700902202293678,1.268583523541244
42.4,0.6030563211510985,-3.052756540824274,1.4689995091444072,1.2681008861013698
42.5,0.6015617916049439,-3.0524734714427546,1.4679077882604898,1.2676190132944112
42.599999999999994,0.6000586375160295,-3.0521936901068494,1.4668150698061602,1.2671379189234426
42.7,0.5985470369221492,-3.0519091828528673,1.4657213659909423,1.266657616919244
42.800000000000004,0.5970233340179596,-3.0516315657968653,1.464626689012526,1.2661781213060876
42.9,0.595488282095057,-3.051359529781622,1.4635310509735457,1.2656994460978412
43.0,0.5939534436837958,-3.0510829936701587,1.4624344638069033,1.2652216053022085
43.1,0.5924176477063892,-3.0508077665435755,1.461336939593294,1.2647446131741378
43.199999999999996,0.590879685491401,-3.0505142702844883,1.4602384905681458,1.264268484259017
43.3,0.5893254743150819,-3.05023477371226,1.4591391287914632,1.2637932330537798
43.400000000000006,0.5877798139289393,-3.049950711309755,1.4580388663913972,1.263318873886043
43.5,0.5862222200487781,-3.0496708581073038,1.4569377156911985,1.2628454212040994
43.6,0.5846482289604225,-3.0493939628700213,1.4558356891078055,1.2623728893235502
43.7,0.5830754805980557,-3.0491298531731386,1.454732799145377,1.2619012922835533
43.8,0.5814889190589023,-3.0488677837962834,1.4536290585232512,1.261430644066707
43.9,0.5799100720281246,-3.0486053141206755,1.45252448027757,1.260960958659446
44.0,0.5783217237412875,-3.0483349105214717,1.4514190774095046,1.2604922501930231
44.1,0.5767247118983623,-3.04807166237677,1.450312862720146,1.260024532853483
44.2,0.5751159481453613,-3.0478015359584565,1.449205849220008,1.2595578208991889
44.3,0.57350033171522,-3.0475295045001674,1.4480980500411456,1.2590921286323857
44.4,0.5718943662207585,-3.047246440541075,1.446989478103724,1.258627470363536
44.5,0.5702885248632165,-3.0469600076384733,1.4458801462921878,1.258163860647336
44.599999999999994,0.5686712004253729,-3.046679876605503,1.444770067666633,1.2577013141333293
44.7,0.5670474403868184,-3.046406762512127,1.443659255535419,1.2572398452917974
44.800000000000004,0.5654185115825929,-3.0461246603204795,1.4425477232334447,1.2567794684557423
44.9,0.5637888720522001,-3.0458485885171527,1.4414354839640513,1.2563201979602083
45.0,0.5621497638934658,-3.045570033811646,1.4403225509847004,1.255862048170836
45.1,0.5605133000644494,-3.0452920360872993,1.4392089376509793,1.2554050335338174
45.199999999999996,0.5588648892632214,-3.0450243840042464,1.4380946574278373,1.2549491686788043
45.3,0.5572111025762061,-3.0447669787477603,1.436979723814747,1.2544944682695134
45.400000000000006,0.5555408264688734,-3.0445084968734815,1.435864150290898,1.2540409469511253
45.5,0.5538633132352181,-3.0442587490021036,1.434747950510835,1.2535886193436205
45.6,0.5521862568059911,-3.0440110673077845,1.4336311383020521,1.2531375000200697
45.7,0.5505082725998486,-3.0437631400067913,1.432513727428935,1.2526876035448051
45.8,0.5488207275539254,-3.043514865294539,1.43139573177994,1.2522389444369213
45.9,0.547130811276593,-3.0432520795999305,1.4302771655334166,1.2517915371109294
46.0,0.5454407240603341,-3.0429811682355674,1.4291580428240367,1.2513453959053382
46.1,0.5437495345755626,-3.0427067259669967,1.4280383777510597,1.2509005351583167
46.2,0.5420537146935115,-3.042436755898882,1.4269181845364187,1.250456969180619
46.3,0.5403601951228728,-3.04217094650796,1.4257974775249407,1.2500147122456018
46.4,0.5386666947091926,-3.041908134440879,1.42467627117467,1.2495737787127403
46.5,0.5369695597750969,-3.041647714581235,1.423554579942904,1.2491341830452176
46.599999999999994,0.5352679781557826,-3.0413883308387204,1.4224324182172892,1.2486959397600852
46.7,0.5335639061396577,-3.041133494463105,1.4213098004494638,1.2482590634766153
46.800000000000004,0.5318539986010143,-3.0408768881526687,1.4201867411779365,1.2478235689145867
46.9,0.5301399210094502,-3.0406263692123563,1.4190632548864945,1.2473894707966378
47.0,0.5284187290017652,-3.0403801072025693,1.417939356214649,1.2469567837760736
47.1,0.5267054515265374,-3.0401321483156334,1.4168150599962943,1.2465255224178569
47.199999999999996,0.5249895205118562,-3.039882116126498,1.415690381071529,1.2460957012761222
47.3,0.5232660984350002,-3.0396358017708436,1.4145653343744808,1.2456673348196987
47.400000000000006,0.5215450993800601,-3.0393989314664926,1.4134399350510058,1.2452404374088248
47.5,0.5198114795027096,-3.039163942621368,1.4123141985459022,1.244815023381755
47.6,0.5180745861450169,-3.038918401295241,1.411188140341067,1.2443911069708948
47.7,0.5163247123424779,-3.0386741483515194,1.4100617757204832,1.2439687022883699
47.8,0.5145672722900829,-3.0384310100814456,1.4089351199938531,1.24354782331954
47.9,0.5127994102889039,-3.038192657521115,1.4078081887154243,1.2431284839277927
48.0,0.5110301665479725,-3.0379528971948906,1.4066809976247006,1.2427106978489715
48.1,0.5092679421842533,-3.037721541732522,1.4055535625989997,1.2422944788265675
48.2,0.5074894319712714,-3.037485285403337,1.4044258996159777,1.2418798407015146
48.300000000000004,0.5057022596176594,-3.037261908937627,1.4032980245073008,1.2414667972171667
48.4,0.5039074061048392,-3.0370329376645393,1.4021699530928413,1.241055362131327
48.5,0.5021024441596412,-3.0368065404679423,1.4010417014846552,1.240645549399654
48.6,0.5002989143235529,-3.0365680644452913,1.3999132859512018,1.240237373092609
48.699999999999996,0.4985005752522929,-3.036324650883875,1.3987847226002421,1.2398308473735435
48.800000000000004,0.49670308452443246,-3.036085325496383,1.3976560273739151,1.2394259864062853
48.9,0.4949218675951817,-3.035847417986608,1.3965272162682687,1.2390228043543303
49.0,0.49311561471644444,-3.035605892322606,1.3953983054003305,1.2386213154007295
49.1,0.4913132318592558,-3.035376790601157,1.3942693109237658,1.2382215334903226
49.199999999999996,0.48951244638093844,-3.0351608978067497,1.3931402492501581,1.2378234724663124
49.3,0.48770789870353964,-3.034934672210257,1.392011137103574,1.2374271462052513
49.4,0.4859002931759585,-3.03471348983273,1.3908819911252206,1.2370325685179289
49.5,0.484078458099915,-3.034493916437258,1.3897528279656235,1.2366397530900086
49.6,0.4822663307006926,-3.0342737131351787,1.388623664410325,1.2362487134671465
49.7,0.48046181353621764,-3.0340572949454616,1.3874945173313533,1.2358594632491962
49.8,0.4786513998459562,-3.033843178963007,1.3863654038289301,1.2354720161219168
49.9,0.47683679623973363,-3.0336192268581605,1.3852363411768507,1.2350863857078203
50.0,0.47501809634694814,-3.0333694086309224,1.3841073464059985,1.234702585575781
50.099999999999994,0.47319924395432733,-3.0331354023016526,1.382978436359448,1.2343206293772373
50.2,0.47136196358214144,-3.0329078387603436,1.3818496280485235,1.2339405308045932
50.300000000000004,0.46951860935525896,-3.032692440228123,1.3807209387202537,1.233562303479369
50.4,0.46766669229017394,-3.0324727303179055,1.3795923858930457,1.2331859610228804
50.5,0.46581142797392716,-3.0322502869288477,1.3784639870838058,1.2328115170033698
50.6,0.46395214752318226,-3.0320296489092815,1.3773357597849447,1.2324389849152717
50.699999999999996,0.46207729691929644,-3.0318057432705547,1.376207721600325,1.232068378174352
50.8,0.46018898282528636,-3.0315883157307613,1.3750798901744583,1.2316997099805644
50.900000000000006,0.4583120745053229,-3.0313705017367982,1.3739522832569093,1.2313329933841797
51.0,0.45642226872780295,-3.031147056543276,1.3728249187875976,1.230968241481064
51.1,0.45453076981934504,-3.0309296212673535,1.3716978148030037,1.230605467328894
51.2,0.45263828283817015,-3.03072155237278,1.3705709894078817,1.2302446839431882
51.3,0.45074665058243657,-3.0305236518201037,1.3694444608394702,1.229885904380165
51.4,0.4488532216356937,-3.0303225689547784,1.3683182472475235,1.2295291417255623
51.5,0.4469583740623296,-3.030133113555308,1.3671923666690677,1.2291744091322039
51.6,0.4450566326661597,-3.0299470849164325,1.3660668373226172,1.228821719849512
51.7,0.4431567411629527,-3.0297684686358592,1.364941677601265,1.2284710871630145
51.8,0.4412622127857578,-3.02959623718004,1.363816905955354,1.2281225243589244
51.9,0.4393597017882978,-3.0294282785096946,1.3626925408716064,1.2277760446621049
52.0,0.4374388599859878,-3.029258645838976,1.361568600989592,1.2274316611120393
52.099999999999994,0.4355191970651649,-3.0290832478278085,1.360445105155543,1.227089386528207
52.2,0.4336005264761388,-3.028909533333747,1.3593220722141963,1.2267492335663428
52.300000000000004,0.4316776524925034,-3.0287395795752605,1.3581995211062265,1.226411214776136
52.4,0.4297430670236294,-3.028571108739749,1.35707747099027,1.22607534263173
52.5,0.4278109003171669,-3.028416001599554,1.355955941036661,1.2257416295203887
52.6,0.4258697983810186,-3.0282641271060338,1.3548349504012074,1.2254100877935752
52.699999999999996,0.423922877232297,-3.028115110833444,1.353714518280976,1.2250807297902264
52.8,0.4219803864608063,-3.0279814806648933,1.3525946639345925,1.2247535678446673
52.900000000000006,0.42003069118602615,-3.0278544527075675,1.3514754068177546,1.2244286142917142
53.0,0.4180854177765881,-3.0277344773998784,1.3503567664755811,1.2241058814057022
53.1,0.41612792288454814,-3.0276161861728808,1.3492387624601343,1.2237853814079183
53.2,0.4141626170253987,-3.027510262437021,1.3481214145102862,1.2234671264657722
53.3,0.4121848896569072,-3.0274015280706923,1.3470047425075482,1.223151128655211
53.4,0.41020026491783146,-3.027291159522727,1.345888766258073,1.2228373999548303
53.5,0.4082124823124615,-3.027188075622101,1.3447735055890875,1.2225259522946523
53.6,0.40623127434060113,-3.027084870585368,1.3436589805147074,1.2222167976081235
53.7,0.4042401983901861,-3.0269799666494466,1.3425452112104912,1.2219099478753364
53.8,0.40223634911026424,-3.0268710041185374,1.3414322179071225,1.2216054150712974
53.9,0.40022608124651093,-3.02676551372213,1.3403200207610761,1.221303211106766
54.0,0.39821590062853307,-3.0266663855544507,1.339208640045783,1.221003347856088
54.099999999999994,0.3962082969490529,-3.0265575257646753,1.338098096229799,1.2207058371695432
54.2,0.39421117125869054,-3.026448572189053,1.3369884098217049,1.220410690860459
54.300000000000004,0.3922157855159955,-3.0263375925492895,1.3358796014018568,1.2201179207082384
54.4,0.39021555373873257,-3.026233342893907,1.334771691612636,1.219827538418919
54.5,0.38820434177779,-3.026133131983413,1.3336647011959253,1.219539555599988
54.6,0.3861818396628029,-3.026024760632305,1.3325586509864633,1.2192539837710603
54.699999999999996,0.3841538488744102,-3.02591849281173,1.331453561916526,1.2189708344042645
54.8,0.38210796705405076,-3.025807927383356,1.330349455062814,1.218690118901171
54.900000000000006,0.38006576799255654,-3.0256937394769614,1.3292463514584394,1.2184118485163562
55.0,0.3780125461882117,-3.0255817561624947,1.3281442721908299,1.218136034406647
55.1,0.37595536428228776,-3.0254719984725855,1.327043238541877,1.2178626876189038
55.2,0.37388114677704315,-3.025361352756299,1.3259432718395896,1.2175918190413184
55.3,0.3718094842208895,-3.025247751910924,1.3248443935865999,1.2173234394417596
55.4,0.3697368222403972,-3.025119143567713,1.3237466255485495,1.2170575595428867
55.5,0.36765874890127964,-3.0249785536426717,1.3226499895016308,1.216794190009011
55.6,0.36557533726284247,-3.0248406740134937,1.3215545071847992,1.2165333414482051
55.7,0.36349440396736826,-3.0247113716767253,1.3204602004670292,1.2162750244394516
55.800000000000004,0.3614143402902376,-3.024587365207003,1.3193670913056363,1.2160192495359172
55.9,0.3593495573677504,-3.0244664736601963,1.3182752016031007,1.2157660272587667
56.0,0.3572787090987188,-3.024352516859126,1.3171845532951423,1.21551536813284
56.1,0.3552144702183152,-3.0242428694716117,1.3160951686570947,1.2152672827220763
56.199999999999996,0.3531502093481579,-3.0241326263118733,1.3150070701109657,1.2150217815720257
56.300000000000004,0.3510860435250443,-3.024037007511397,1.313920279919644,1.2147788750888804
56.4,0.34902747773635334,-3.0239531290950357,1.312834820570707,1.2145385735630503
56.5,0.3469636289744418,-3.023869013608069,1.31175071467653,1.2143008871319472
56.6,0.3449106930101564,-3.023791426800258,1.3106679847831293,1.2140658257546852
56.699999999999996,0.342856301531938,-3.023710306587896,1.3095866536175356,1.2138333993088875
56.8,0.3408020646829564,-3.023640451671764,1.308506744002075,1.2136036175938736
56.9,0.33874228454227584,-3.0235729054443556,1.30742827892718,1.213376490351322
57.0,0.33667075248273204,-3.0234969147770068,1.3063512815095129,1.2131520272954959
57.1,0.33460979487776443,-3.023424753831811,1.305275774761415,1.2129302380715863
57.2,0.33253610508162945,-3.02335927475807,1.3042017817055436,1.212711132216253
57.3,0.3304557803590672,-3.0232992932476916,1.3031293256302015,1.2124947191911375
57.4,0.32836881929140177,-3.02324475843528,1.3020584300584617,1.2122810083885458
57.5,0.32627752644039937,-3.023187295918893,1.300989118493896,1.2120700090792094
57.599999999999994,0.32418320197893374,-3.0231412190496303,1.2999214145053797,1.2118617304764658
57.7,0.3220808041016744,-3.023102095997351,1.2988553418136275,1.211656181755616
57.800000000000004,0.31996414546085683,-3.023069484438405,1.2977909242187429,1.2114533720354457
57.9,0.31782962770551443,-3.023025635896029,1.2967281855655193,1.2112533104167358
58.0,0.31569917360941047,-3.022987298351185,1.2956671496274659,1.2110560059315165
58.1,0.3135634606560478,-3.0229481286159756,1.294607840280856,1.21086146747436
58.199999999999996,0.31142496506124284,-3.0229056072300633,1.2935502816955102,1.2106697038160368
58.3,0.3092874823652227,-3.022862433539292,1.2924944981631574,1.2104807235670119
58.400000000000006,0.30714646373601506,-3.0228144663235565,1.291440514117778,1.210294535166613
58.5,0.30500420664226724,-3.022761771560635,1.290388354061433,1.2101111469075034
58.6,0.30285688504316666,-3.0227100904044137,1.2893380424191179,1.2099305669562936
58.7,0.30070916906335315,-3.0226701201650275,1.288289603759097,1.2097528034326874
58.8,0.29855744403764356,-3.0226358911409865,1.2872430628394422,1.2095778644218411
58.9,0.29639768957312607,-3.0226007685524583,1.2861984445766546,1.2094057580210764
59.0,0.29423884870317907,-3.0225636260174027,1.2851557739012551,1.2092364923527965
59.1,0.29207560369922514,-3.022531831439662,1.284115075696551,1.2090700755252686
59.2,0.28990903200949986,-3.0225039868131436,1.2830763749631704,1.208906515633239
59.3,0.2877294217039451,-3.022474941317743,1.2820396967100889,1.208745820742511
59.4,0.2855479189458595,-3.0224509783425653,1.2810050660390078,1.208587998915986
59.5,0.2833665289664613,-3.022427890760213,1.2799725082630273,1.2084330581392417
59.599999999999994,0.28116892406212907,-3.02239101389429,1.278942048723002,1.2082810062562626
59.7,0.2789718724205385,-3.022351895864114,1.2779137127763478,1.2081318510274184
59.800000000000004,0.27676923279930715,-3.0223170697186257,1.276887525986978,1.2079856000948526
59.9,0.2745606980653541,-3.0222772213887668,1.2758635141244312,1.2078422609476989
60.0,0.27234621005488374,-3.022238921867385,1.2748417029407828,1.2077018409152707
60.1,0.27011748823385795,-3.0222041015583248,1.273822118234771,1.2075643471890618
60.2,0.26788058659896047,-3.0221661406716596,1.272804786013573,1.207429786924839
60.3,0.265649684341095,-3.0221348736793616,1.2717897323538059,1.2072981671750203
60.4,0.26341248478920665,-3.022102828978117,1.2707769833167935,1.2071694947408789
60.5,0.26115154945354435,-3.022072720892406,1.269766565081747,1.2070437763087856
60.6,0.2588958219001906,-3.022055349544822,1.2687585040429508,1.2069210185472834
60.7,0.256641748464968,-3.022034623246597,1.2677528267675195,1.20680122795577
60.800000000000004,0.2543740065423878,-3.0220188006546667,1.266749559918165,1.2066844109181252
60.89999999999999,0.25210395225285465,-3.022008275284644,1.2657487301624935,1.2065705738353127
61.0,0.24982433143995875,-3.022002938355454,1.2647503641804099,1.206459723140355
61.1,0.24754648674715532,-3.0219968671193644,1.2637544887370333,1.2063518653210956
61.2,0.2452613098706965,-3.0220015158027955,1.2627611306382673,1.2062470068532236
61.300000000000004,0.2429591434976185,-3.0220216538737628,1.2617703168037342,1.2061451541380108
61.400000000000006,0.24064443857453816,-3.0220262982624924,1.26078207432083,1.206046313491757
61.49999999999999,0.2383125838497542,-3.022032612294011,1.2597964303345162,1.2059504910914005
61.599999999999994,0.2359751922154576,-3.0220370589249708,1.2588134120985814,1.2058576929402738
61.7,0.2336394866182235,-3.0220457038240864,1.257833046939083,1.2057679247969484
61.800000000000004,0.2313044995534638,-3.022053366229411,1.2568553623398773,1.2056811921872235
61.900000000000006,0.22896822862715632,-3.0220599303700904,1.2558803859989598,1.205597500538931
62.00000000000001,0.2266368562219502,-3.022073667857352,1.2549081455694848,1.2055168551980275
62.099999999999994,0.22430039732170018,-3.0220950620904117,1.2539386687399887,1.205439261447386
62.199999999999996,0.22194882435138763,-3.0221234161030246,1.2529719833829631,1.2053647246403043
62.3,0.21958606903965824,-3.022146836431971,1.2520081174347404,1.2052932503063096
62.400000000000006,0.21722188942210413,-3.0221741459195437,1.251047098791262,1.2052248440890676
62.50000000000001,0.21485376175875168,-3.0221986179520846,1.250088955293271,1.2051595116422693
62.599999999999994,0.2124838629349105,-3.0222369614441775,1.2491337148400394,1.2050972586184785
62.699999999999996,0.21011130488918062,-3.0222736879210865,1.2481814054563967,1.205038090615016
62.8,0.20772684880392564,-3.022327439617393,1.247232055162481,1.2049820131250117
62.9,0.2053386730720119,-3.0223903454986067,1.2462856921828074,1.20492903158963
63.0,0.20294792891040325,-3.0224477958802107,1.2453423450025656,1.204879151318885
63.10000000000001,0.20053983704812123,-3.022510212389818,1.2444020420918578,1.2048323774607979
63.199999999999996,0.19812618486876454,-3.022576380770172,1.243464812020613,1.2047887151194292
63.3,0.1957045585760523,-3.02263888936575,1.24253068340532,1.2047481693500475
63.4,0.19329051697729602,-3.022710075127535,1.2415996848110216,1.2047107450827483
63.5,0.19087041996013676,-3.0227884901332436,1.2406718449870384,1.204676447066873
63.6,0.18843531030464525,-3.0228623597844533,1.2397471929178079,1.204645280021735
63.7,0.18601153690601363,-3.022946027238321,1.2388257576700132,1.2046172486160438
63.8,0.18357436314025777,-3.023040749824361,1.2379075684575864,1.2045923572715005
63.9,0.18114045292627504,-3.023126948764932,1.2369926545898733,1.204570610211756
64.0,0.17870133705231728,-3.0232186007375765,1.2360810453029518,1.2045520114836918
64.1,0.17626926537493237,-3.0233074822144146,1.2351727699914647,1.20453656498033
64.2,0.17384175103848967,-3.0233949583693196,1.2342678581962787,1.2045242744199403
64.30000000000001,0.17140649311582246,-3.0234931354687378,1.233366339496129,1.204515143354302
64.39999999999999,0.16896604371949053,-3.023605681480588,1.2324682436703238,1.2045091752931163
64.5,0.16651139739616677,-3.023736889508176,1.231573600650845,1.2045063737092345
64.6,0.1640586903350302,-3.0238683072263,1.230682440464036,1.2045067420103692
64.7,0.16160170752489914,-3.024001241888537,1.2297947931915805,1.2045102834166128
64.80000000000001,0.15912755292393804,-3.0241419019433193,1.228910688927493,1.2045170010337845
64.9,0.1566462385023646,-3.024300476295431,1.2280301578716093,1.2045268980847772
65.0,0.15416517872173777,-3.0244522193772143,1.2271532303695418,1.2045399779419883
65.1,0.15169898900160753,-3.0245913702545657,1.2262799367776052,1.2045562440359399
65.2,0.14923634088457438,-3.0247296407303668,1.2254103073063878,1.2045756997786898
65.3,0.14677802809327492,-3.024878032581926,1.2245443721242701,1.2045983485953073
65.4,0.1443159190494869,-3.02502520962945,1.2236821615174942,1.2046241939626674
65.5,0.1418558996426443,-3.025179433453493,1.2228237059291343,1.204653239323443
65.6,0.13938445459956322,-3.02533412926247,1.2219690359454485,1.2046854879791993
65.7,0.13689963685270587,-3.0254953367265136,1.2211181821829222,1.2047209431579067
65.8,0.1344139090529858,-3.025659592717347,1.2202711753357665,1.2047596080688154
65.9,0.1319278826292848,-3.025820210596084,1.2194280462243088,1.204801485749173
66.0,0.1294319946072536,-3.0259815883183867,1.2185888256999198,1.2048465790515086
66.1,0.1269241723707392,-3.026137838138024,1.217753544566765,1.2048948907963337
66.2,0.12440950950519965,-3.0263022246712232,1.2169222336307906,1.2049464238609757
66.3,0.12189729306180137,-3.0264739021519182,1.2160949239567982,1.205001181152368
66.4,0.11938888847045707,-3.0266472943983644,1.215271646783863,1.2050591654782905
66.5,0.11687867938115887,-3.0268281355004523,1.2144524332438733,1.2051203795202268
66.60000000000001,0.11437084507335128,-3.027023905112062,1.2136373144964228,1.2051848259668392
66.69999999999999,0.11187571316219919,-3.0272211520035683,1.2128263218451334,1.2052525074154017
66.8,0.10937781846966511,-3.027430161933809,1.2120194867281708,1.205323426221567
66.9,0.10687272565391503,-3.0276392821815095,1.2112168407045638,1.2053975845518214
67.0,0.10434765854711336,-3.0278400665719496,1.2104184153007462,1.2054749844795158
67.10000000000001,0.10181216593739696,-3.028048837449651,1.2096242420689536,1.2055556280727393
67.2,0.09927324166307011,-3.028260201380238,1.2088343527936385,1.2056395173232317
67.3,0.09673162766684414,-3.0284757332343517,1.2080487794681338,1.205726654045185
67.39999999999999,0.09419138477270537,-3.0286802322346307,1.2072675541607065,1.2058170398803618
67.5,0.09164646607689313,-3.028873618562457,1.2064907090420425,1.2059106763381453
67.60000000000001,0.08909673468179144,-3.029062766713273,1.20571827630272,1.2060075649385456
67.7,0.08655693723024771,-3.029250481838829,1.20495028808567,1.2061077071686614
67.8,0.08401205186556603,-3.0294371744385202,1.2041867766309065,1.2062111043474437
67.89999999999999,0.08145725879759086,-3.0296197119408657,1.20342777427559,1.2063177577958482
68.0,0.07889528817681986,-3.029797824784366,1.2026733133702172,1.2064276691022071
68.1,0.0763548792879295,-3.0299738777258227,1.2019234262139928,1.2065408399247755
68.2,0.0738160635167787,-3.0301616516422776,1.2011781451444636,1.2066572717095705
68.30000000000001,0.07127904089002171,-3.030359164354436,1.2004375025962013,1.2067769658740934
68.39999999999999,0.06874246796654845,-3.0305540541443716,1.1997015309942827,1.206899923934718
68.5,0.06620535596236317,-3.030743587883633,1.1989702627114351,1.207026147466783
68.6,0.06367351628899975,-3.030950024619924,1.1982437300954811,1.207155638136662
68.7,0.06115104878275992,-3.031160813896822,1.1975219655952631,1.2072883975596511
68.8,0.05862518082233475,-3.031379254185329,1.1968050018031438,1.207424427197195
68.9,0.05608897957046854,-3.0315984471620956,1.196092871368845,1.2075637284434244
69.0,0.05353977445911634,-3.031811316751527,1.195385606940646,1.2077063027386374
69.1,0.05098973732052908,-3.032031614845298,1.1946832412443043,1.207852151491313
69.2,0.048433447575392835,-3.032248418729687,1.1939858071115512,1.208001275927412
69.3,0.04587345237115731,-3.032482703230475,1.1932933373733972,1.2081536771410815
69.4,0.04331103485731375,-3.0327205857557753,1.1926058649113516,1.2083093561641556
69.5,0.04074399686910319,-3.032945046092892,1.1919234226661495,1.2084683140571442
69.6,0.03818424282733557,-3.0331713300468803,1.1912460435746828,1.2086305519281375
69.7,0.03561852912602825,-3.0333983671770395,1.1905737605964997,1.2087960708525876
69.8,0.03304986254826096,-3.0336249362452627,1.1899066066914985,1.208964871980302
69.9,0.03047655634483752,-3.0338621727878414,1.1892446148591453,1.2091369565823469
70.0,0.027906091653023355,-3.0340967724098777,1.1885878181778589,1.209312325880294
70.1,0.025329547427762403,-3.0343278064713717,1.1879362497352763,1.2094909808755836
70.19999999999999,0.022740443374269708,-3.0345543593130584,1.1872899426705754,1.2096729225031788
70.3,0.020157787695420207,-3.0347842161307343,1.1866489302327705,1.2098581517370304
70.4,0.0175830791722477,-3.0350125986463214,1.1860132457345878,1.2100466692295395
70.5,0.014999279367605636,-3.035235915935575,1.1853829225322203,1.2102384752952966
70.60000000000001,0.012407824642869686,-3.0354635939130095,1.1847579940049595,1.2104335703756905
70.69999999999999,0.009829034722950332,-3.035684051778428,1.1841384935477022,1.210631954990076
70.8,0.00724728270602301,-3.035915754846819,1.1835244545622696,1.2108336293375073
70.9,0.004644078188692955,-3.0361673890706657,1.1829159105087692,1.211038593539523
71.0,0.0020277499387485686,-3.036419299915394,1.1823128949414978,1.2112468479949783
71.10000000000001,-0.0005983611737111819,-3.0366723382515284,1.1817154413667117,1.211458393230577
71.2,-0.0032257440871314427,-3.03692234693193,1.181123583304743,1.2116732297301138
71.3,-0.005855722381811667,-3.0371659477280195,1.1805373543445368,1.2118913579049944
71.39999999999999,-0.008482322922522243,-3.0374105833144935,1.1799567880033406,1.212112778096014
71.5,-0.01110484632536381,-3.0376448816114854,1.1793819178514156,1.212337490491431
71.6,-0.01373320667532646,-3.037875322643501,1.1788127775650967,1.21256549507965
71.7,-0.016373030962168855,-3.038105818014866,1.1782494008205002,1.2127967918679976
71.80000000000001,-0.01901367166985282,-3.0383339721196174,1.1776918213030663,1.213031380987542
71.89999999999999,-0.021653909487142943,-3.038560127536686,1.177140072717339,1.213269262512219
72.0,-0.02429735127685508,-3.038794359271002,1.1765941887586833,1.213510436445191
72.1,-0.026939103480017386,-3.039038754465475,1.1760542031228631,1.2137549028941246
72.2,-0.029565494064689335,-3.0392794055704107,1.1755201495883825,1.2140026618763116
72.30000000000001,-0.03219265780169652,-3.039524902667486,1.1749920619985343,1.2142537130548694
72.4,-0.03482225519559305,-3.0397673877753806,1.174469974186745,1.2145080559991606
72.5,-0.03744023331269302,-3.040020703633715,1.1739539200569518,1.2147656902716029
72.6,-0.04005036357671197,-3.0402668514077966,1.1734439336637588,1.2150266151913842
72.7,-0.04265390643897461,-3.0405125008501184,1.1729400490998227,1.2152908299056349
72.8,-0.04525770678177395,-3.040752809774078,1.1724423004119637,1.215558333638573
72.9,-0.0478546026592124,-3.0409921780939992,1.1719507215785991,1.215829125695694
73.0,-0.05046454211543528,-3.041230281327222,1.171465346518187,1.2161032055618461
73.1,-0.05306230902933323,-3.041458166005556,1.1709862091170162,1.2163805729781618
73.2,-0.055665090794048785,-3.0416830311497733,1.170513343157929,1.216661227655078
73.3,-0.05826940467661639,-3.04190861160299,1.1700467823641945,1.2169451692363524
73.4,-0.0608879140639855,-3.0421309898896878,1.1695865605038167,1.2172323974313117
73.5,-0.06351835837161236,-3.0423644611240537,1.1691327113411671,1.2175229121074498
73.6,-0.06615439774879245,-3.042593511994999,1.1686852686017986,1.217816713323824
73.7,-0.06879073574606116,-3.042821881338599,1.1682442660074421,1.2181138011883916
73.8,-0.07142215606646418,-3.0430643795500485,1.1678097372760539,1.2184141757672928
73.9,-0.0740488438409402,-3.043308365314308,1.1673817161006177,1.2187178369464726
74.0,-0.07668047198761813,-3.0435489824616484,1.1669602361317017,1.2190247845644704
74.10000000000001,-0.07929873665261741,-3.0438002674612576,1.1665453310063405,1.2193350185081067
74.19999999999999,-0.0819130192259173,-3.0440534745677073,1.1661370343868271,1.219648538520105
74.3,-0.08452081086299627,-3.044316726505926,1.165735379891669,1.219965344265455
74.4,-0.08713015873375378,-3.0445873550542406,1.1653404010083523,1.2202854355467914
74.5,-0.08973501309701368,-3.0448449457276645,1.1649521311207536,1.2206088123442587
74.60000000000001,-0.0923430352557277,-3.045096573714779,1.1645706035063412,1.2209354746839232
74.7,-0.09496467128051887,-3.0453616689817617,1.1641958513713735,1.2212654226795232
74.8,-0.09759473821219737,-3.045623082488291,1.163827907938349,1.2215986566849804
74.89999999999999,-0.10022746010487849,-3.045873258814833,1.1634668063730635,1.2219351771228575
75.0,-0.10285889884585815,-3.0461256073154526,1.163112579785501,1.222274984202887
75.10000000000001,-0.10549802513214651,-3.0463733215332405,1.1627652613492325,1.2226180779692093
75.2,-0.10813101301064264,-3.046604019769,1.162424884264079,1.2229644584036714
75.3,-0.11076795956935473,-3.0468261293279184,1.1620914817031358,1.2233141252945028
75.39999999999999,-0.1134098351500618,-3.047041312940712,1.1617650867773914,1.2236670783115842
75.5,-0.11606262707409934,-3.0472742153133385,1.161445732544414,1.2240233173140453
75.6,-0.11870509847328906,-3.0475128741589343,1.161133452078383,1.2243828422504122
75.7,-0.12135319544077752,-3.047743657530583,1.1608282784183221,1.2247456528306384
75.80000000000001,-0.12400911685058559,-3.04799419597814,1.160530244542783,1.2251117487932395
75.89999999999999,-0.12665919067082393,-3.048236666312861,1.1602393833930442,1.2254811300468964
76.0,-0.12930834379805137,-3.048471657762207,1.1599557278927046,1.2258537962906033
76.1,-0.1319637991789821,-3.048690755097736,1.1596793109346613,1.2262297470796895
76.2,-0.1346234139752302,-3.0489062272717677,1.1594101653283766,1.2266089820563186
76.3,-0.13728792303624096,-3.0491165933933644,1.1591483238322486,1.2269915009853034
76.4,-0.13994659798420053,-3.0493338737625884,1.1588938191547802,1.227377303652089
76.5,-0.14261136451915285,-3.0495514925914575,1.158646683888291,1.2277663897696938
76.6,-0.14528236592247137,-3.049767660418445,1.1584069505115961,1.2281587591552803
76.7,-0.14796107543970635,-3.0499820427557656,1.158174651373584,1.2285544117832294
76.8,-0.15065239939726816,-3.050200645290318,1.1579498186684798,1.2289533478376065
76.9,-0.15333977247057207,-3.0504232154132547,1.1577324844893688,1.229355567682192
77.0,-0.1560303644077371,-3.050659298888606,1.1575226808742116,1.2297610716375729
77.1,-0.1587138341165469,-3.050880197702765,1.1573204398132828,1.230169859936692
77.2,-0.1614002552775616,-3.0510998804605296,1.1571257932368744,1.2305819327179852
77.3,-0.1640852719920158,-3.0513233861924767,1.1569387730152598,1.2309972900045356
77.4,-0.16678452392918186,-3.0515513261019898,1.1567594109476085,1.231415931835085
77.5,-0.1694872564666513,-3.0517591883300303,1.1565877387358818,1.2318378584312337
77.6,-0.1721938767506847,-3.0519683841284095,1.1564237879939538,1.2322630701272237
77.69999999999999,-0.17489505800843375,-3.052171563759177,1.1562675902828827,1.2326915670093923
77.8,-0.17761784497255717,-3.052368290882532,1.1561191771012556,1.2331233489094726
77.9,-0.18035477069208158,-3.0525650165643787,1.1559785798623694,1.2335584159145234
78.0,-0.18309443435936437,-3.0527659479924547,1.1558458298934158,1.2339967685157327
78.10000000000001,-0.1858172652855644,-3.052965714667784,1.1557209584377337,1.2344384070578345
78.19999999999999,-0.18854637718387357,-3.05317531335761,1.155603996613821,1.234883331576757
78.3,-0.19127773263762368,-3.05338448536478,1.1554949753656123,1.2353315422984783
78.4,-0.19401119971426165,-3.053610630551361,1.1553939254854284,1.2357830396947849
78.5,-0.1967495638906274,-3.0538403665635605,1.1553008776558407,1.2362378242586154
78.60000000000001,-0.19949129375720367,-3.054070959242391,1.155215862448002,1.2366958965379684
78.7,-0.20223898185735512,-3.0543003385060734,1.1551389103356946,1.2371572570135632
78.8,-0.20500086120111743,-3.054522794328994,1.1550700516976409,1.2376219061381128
78.89999999999999,-0.2077723155714141,-3.0547589291355677,1.1550093167987077,1.2380898445865995
79.0,-0.2105423257717234,-3.0550019364194725,1.1549567357975166,1.2385610730857743
79.1,-0.21332059309250936,-3.0552412119508348,1.1549123387429259,1.239035592204117
79.2,-0.21610227220822195,-3.055467499612415,1.1548761555596296,1.2395134025352657
79.30000000000001,-0.2188876276929479,-3.0556893775305025,1.1548482160542088,1.23999450458084
79.39999999999999,-0.2216919239885228,-3.055903377560879,1.1548285499311093,1.2404788988201938
79.5,-0.22449654514317932,-3.0561200990227633,1.15481718680355,1.240966585900498
79.6,-0.22731114137671543,-3.0563455666038077,1.1548141561944478,1.2414575663616993
79.7,-0.23013432030519182,-3.0565653084185787,1.1548194875295217,1.2419518407637824
79.80000000000001,-0.23295785955809623,-3.0567760470415983,1.1548332101164944,1.242449409770602
79.9,-0.23578888348728463,-3.0569843963375685,1.1548553531239596,1.2429502739753482
80.0,-0.2386249917733262,-3.057187271616605,1.154885945565185,1.243454434028809
80.1,-0.24147182133614756,-3.05738116377753,1.154925016275444,1.2439618907810388
80.2,-0.24431837780531132,-3.0575891348874866,1.1549725939002886,1.2444726451836203
80.3,-0.24717943123054115,-3.057801165881105,1.1550287069007157,1.2449866983133135
80.4,-0.2500329630799323,-3.0580076720633307,1.1550933835607726,1.2455040513306044
80.5,-0.2529028332648126,-3.0582117691617925,1.155166651994373,1.2460247053319446
80.6,-0.2557696235992037,-3.0584059226332214,1.1552485401688815,1.2465486614894463
80.7,-0.2586442213467996,-3.058613173611508,1.1553390759259867,1.2470759209293014
80.8,-0.26152660451872134,-3.0588261044087495,1.1554382870026096,1.247606484782232
80.9,-0.26440746407515975,-3.0590480644242977,1.1555462010326236,1.2481403543250549
81.0,-0.2672891137989459,-3.059263001909628,1.155662845534748,1.2486775306547457
81.1,-0.27018029669687366,-3.0594669004526485,1.1557882479025923,1.2492180147687177
81.2,-0.27307866990397334,-3.059679931179333,1.1559224353944366,1.249761807799955
81.3,-0.2759849157803698,-3.059887449380385,1.156065435112258,1.250308910963526
81.4,-0.27889867541293184,-3.060089241378896,1.156217273997497,1.2508593256084362
81.5,-0.28181376783754086,-3.060296684474298,1.1563779788100639,1.2514130532145598
81.60000000000001,-0.2847332764429138,-3.0605048555081016,1.1565475760918593,1.2519700952994164
81.69999999999999,-0.2876520360028908,-3.0607042756054192,1.1567260921809495,1.252530453539619
81.8,-0.29056879244984285,-3.0609009305213726,1.156913553219053,1.2530941297105262
81.9,-0.2934882797466329,-3.0610940942891247,1.1571099851289142,1.2536611255353127
82.0,-0.2964149353627681,-3.061290844167463,1.157315413616144,1.2542314428684056
82.10000000000001,-0.2993376393793927,-3.061483856293542,1.15752986419252,1.2548050836216043
82.2,-0.3022723527845015,-3.061678449362014,1.157753362202058,1.2553820495369357
82.3,-0.3052173015831215,-3.061867917654415,1.1579859328395834,1.2559623424514899
82.39999999999999,-0.30816568345194095,-3.062051049862381,1.1582276011497088,1.2565459644035972
82.5,-0.3111116373276166,-3.0622220110515683,1.1584783920287918,1.2571329172623844
82.60000000000001,-0.31407134975997963,-3.062385290057638,1.15873833022848,1.2577232029676537
82.7,-0.3170137357635759,-3.062547808346272,1.1590074403383048,1.2583168237504685
82.8,-0.319954414436895,-3.0627076366102473,1.1592857467431508,1.2589137815493427
82.89999999999999,-0.32290672230528017,-3.062863143128232,1.1595732736062114,1.2595140782549505
83.0,-0.32585831446435787,-3.0630155971685893,1.1598700448594395,1.260117716153543
83.1,-0.32881682242539184,-3.0631593026008117,1.1601760841832265,1.2607246974990047
83.2,-0.3317898159892736,-3.0633100956473625,1.1604914150180878,1.2613350247275121
83.30000000000001,-0.33475454177523944,-3.063454085445877,1.160816060588718,1.2619487005606342
83.39999999999999,-0.33772681181509334,-3.063595900654208,1.1611500438919948,1.2625657275811604
83.5,-0.3406999741602229,-3.0637439856779176,1.1614933877035194,1.2631861083845757
83.6,-0.343678381162349,-3.063896917507603,1.1618461145838828,1.263809845735782
83.7,-0.3466550779957263,-3.0640472593923134,1.1622082468625177,1.2644369423652495
83.8,-0.34964335437080957,-3.064187250025073,1.1625798066379496,1.2650674010459881
83.9,-0.35262718546136934,-3.0643364974725222,1.162960815813948,1.2657012247747663
84.0,-0.35560982772871014,-3.064476305447889,1.1633512960972965,1.266338416522528
84.1,-0.3585945092615519,-3.0646073839896517,1.1637512689876852,1.2669789791006074
84.2,-0.3615873393828026,-3.0647373706297247,1.1641607557874056,1.2676229154017356
84.3,-0.3645855829768183,-3.064871434295058,1.1645797775880689,1.2682702284655283
84.4,-0.3675918630872826,-3.0650129134343502,1.1650083552507007,1.268920921460033
84.5,-0.37060081517089793,-3.065165392160892,1.1654465094028412,1.2695749976948294
84.6,-0.3736117384251144,-3.065303953668494,1.1658942604196665,1.270232460500452
84.7,-0.3766288085823499,-3.0654420175710926,1.1663516284026358,1.2708933131580138
84.8,-0.37965261082664137,-3.065578336597813,1.1668186332225545,1.271557559110885
84.9,-0.3826764428481917,-3.065714935989618,1.1672952945642212,1.272225202143268
85.0,-0.3856862403654355,-3.06585626666587,1.1677816318684497,1.2728962459300137
85.1,-0.3887087757324291,-3.066001029443631,1.1682776642755486,1.2735706937461937
85.19999999999999,-0.39174308286308224,-3.066138122536888,1.1687834106823654,1.2742485491597515
85.3,-0.3947729354862477,-3.0662759594380606,1.1692988897933922,1.2749298160472633
85.4,-0.3978089562908121,-3.0664048903668917,1.1698241201435366,1.2756144979429438
85.5,-0.40086137713349035,-3.0665350335034107,1.1703591201314,1.2763025982923293
85.60000000000001,-0.4039202661971052,-3.066662463226511,1.1709039080492374,1.2769941207975248
85.69999999999999,-0.40698203151455553,-3.0667955900592943,1.1714585020567398,1.277689069033175
85.8,-0.41005713830688223,-3.0669336440832797,1.1720229201478691,1.2783874463962566
85.9,-0.41313488231384166,-3.067065843035479,1.1725971801854378,1.2790892564847052
86.0,-0.4162127873195444,-3.06719689949209,1.1731812998655498,1.279794502950209
86.10000000000001,-0.41929473610957435,-3.0673247492851066,1.1737752966386246,1.280503189355968
86.2,-0.42238176570107855,-3.0674525221583067,1.1743791876454284,1.2812153193465168
86.3,-0.4254733036773701,-3.0675898120490266,1.1749929897401468,1.2819308967192014
86.39999999999999,-0.42857072965432785,-3.0677338158066814,1.1756167195428948,1.2826499254550794
86.5,-0.431670512665914,-3.0678754618109405,1.1762503933927633,1.2833724096600916
86.6,-0.43477497784378233,-3.0680086393941353,1.1768940273379738,1.284098353423211
86.7,-0.437890077042842,-3.068134344205106,1.1775476371705167,1.2848277608587664
86.80000000000001,-0.44101501583105035,-3.068267078514027,1.1782112384733165,1.2855606363957035
86.89999999999999,-0.4441360767818347,-3.068402389394626,1.1788848465706363,1.286296984737977
87.0,-0.44724978070916893,-3.068539068504954,1.1795684764295737,1.2870368104340402
87.1,-0.4503631079734992,-3.068672704857739,1.1802621427648512,1.2877801178545731
87.2,-0.45348037262334034,-3.0687968132724994,1.180965860061476,1.2885269114626696
87.30000000000001,-0.4565998340016178,-3.068922189085421,1.1816796425052947,1.2892771958359337
87.4,-0.45972406337196065,-3.0690545825057662,1.1824035040586982,1.290030975546239
87.5,-0.462860945470235,-3.0691936040882526,1.1831374584808783,1.2907882553148509
87.6,-0.46599521798381754,-3.0693278223519234,1.1838815192690304,1.2915490400320409
87.7,-0.46913670349482056,-3.069450787049138,1.1846356996402512,1.2923133345085736
87.8,-0.4722800445533634,-3.069573169706413,1.1854000126564361,1.2930811436384524
87.9,-0.4754290218036596,-3.0696995571206585,1.1861744711969426,1.293852472491654
88.0,-0.4785787381407324,-3.0698220689761615,1.1869590877656948,1.294627326150992
88.1,-0.48173135484461327,-3.069930639899961,1.1877538745982845,1.2954057098289578
88.2,-0.48487730965129283,-3.070032933503507,1.1885588437227894,1.2961876288262408
88.3,-0.4880229785854197,-3.070134150753347,1.189374006843865,1.2969730882945474
88.4,-0.4911690284021425,-3.070217363538698,1.1901993754526703,1.2977620933871825
88.5,-0.4943123991201608,-3.0702955223348725,1.1910349609346789,1.298554649400549
88.6,-0.49745129901186186,-3.0703728734035716,1.1918807745392008,1.2993507615841144
88.7,-0.5005891469712331,-3.070446065275703,1.1927368273489176,1.30015043501853
88.8,-0.5037325289798109,-3.0705142630793585,1.1936031302471581,1.300953674632878
88.9,-0.506888756647429,-3.070580329952558,1.1944796939691984,1.3017604854365807
89.0,-0.5100554871093218,-3.070649044452726,1.195366529107019,1.3025708728532877
89.10000000000001,-0.5132140143332511,-3.070704182443855,1.1962636459727003,1.3033848424470298
89.19999999999999,-0.5163797815061721,-3.070760183462752,1.1971710545759269,1.3042023996579704
89.3,-0.5195420694729291,-3.070814347145204,1.1980887646128442,1.3050235500646605
89.4,-0.522706143472105,-3.0708677150919392,1.199016785417923,1.305848299272345
89.5,-0.5258795045003343,-3.0709302059663464,1.199955126006308,1.306676652788988
89.60000000000001,-0.529071138857945,-3.071002132372394,1.2009037950848076,1.3075086163615135
89.7,-0.532267483040205,-3.0710680630610474,1.2018628010881853,1.3083441960019973
89.8,-0.5354766239371378,-3.071135973314395,1.2028321522353145,1.3091833978065446
89.89999999999999,-0.5386862712629309,-3.071200356524912,1.2038118565063194,1.3100262280078467
90.0,-0.5418943375060206,-3.0712528648880055,1.2048019216532493,1.310872692836347
90.10000000000001,-0.5451064758997158,-3.0713098524491684,1.2058023551431636,1.3117227983072046
90.2,-0.5483302505694773,-3.0713590456751247,1.2068131641071458,1.3125765506421394
90.3,-0.5515400432175863,-3.0713992820957223,1.207834355475366,1.313433956357769
90.39999999999999,-0.5547510530265917,-3.0714364677902566,1.2088659359646863,1.3142950218378733
90.5,-0.5579530013257094,-3.0714678724016196,1.2099079120441896,1.315159753432994
90.6,-0.5611519414013894,-3.0715024689147046,1.2109602899506495,1.3160281575055768
90.7,-0.5643484889381535,-3.0715232241120916,1.2120230757184192,1.3169002403910375
90.80000000000001,-0.5675440590175044,-3.0715312524745193,1.2130962752030658,1.3177760083984271
90.89999999999999,-0.5707513753155437,-3.0715286182218366,1.2141798940239552,1.3186554677805997
91.0,-0.5739674693525759,-3.071524234426938,1.2152739375800663,1.3195386251206966
91.1,-0.5771764865398349,-3.0715111643318753,1.216378411087595,1.3204254872594448
91.2,-0.5803829026491412,-3.071483100329542,1.2174933194693687,1.321316060739247
91.3,-0.5835973141235394,-3.0714552890641427,1.218618667411823,1.3222103519065649
91.4,-0.5868235392005658,-3.071431647314569,1.2197544595127559,1.3231083674543813
91.5,-0.590048276112972,-3.0713981577441136,1.2209007000737142,1.3240101142990843
91.6,-0.5932739748314769,-3.0713692201620675,1.222057393084498,1.3249155991709207
91.7,-0.5965089293654914,-3.071329616818915,1.2232245424301833,1.3258248289034253
91.8,-0.5997369751562562,-3.0712897248809927,1.2244021517768038,1.326737810572543
91.9,-0.6029658650065586,-3.07124072905781,1.2255902243968735,1.3276545512386158
92.0,-0.6061803862572699,-3.0711891426649265,1.2267887632341459,1.3285750579539577
92.1,-0.6093901316719044,-3.071130283907521,1.22799777104516,1.329499337768833
92.2,-0.6125895423559794,-3.0710723988199793,1.229217250390465,1.3304273976595191
92.3,-0.6157939026090377,-3.071021762084476,1.2304472036247296,1.3313592443956908
92.4,-0.6190193649308902,-3.0709699039389355,1.2316876329900686,1.3322948849317058
92.5,-0.622246180598988,-3.070909318301933,1.2329385405870248,1.3332343266920954
92.6,-0.6254752327092012,-3.07084437935516,1.2341999283333873,1.334177577069258
92.69999999999999,-0.628705799179665,-3.0707719422381055,1.2354717979489187,1.335124643210233
92.8,-0.6319470521503701,-3.0706943188711775,1.2367541509250277,1.3360755323751214
92.9,-0.6351784215133657,-3.070612505904733,1.238046988571811,1.3370302519519446
93.0,-0.638420720671005,-3.0705209756266942,1.239350311979359,1.3379888091708263
93.10000000000001,-0.6416674820975082,-3.070424869214913,1.2406641219495198,1.33895121132292
93.19999999999999,-0.6449214416170189,-3.0703201529676063,1.24198841908056,1.339917465730875
93.3,-0.6481994262866181,-3.070216386260017,1.2433232038777449,1.340887579953025
93.4,-0.6514689105101943,-3.070111013432105,1.2446684766172735,1.341861561808753
93.5,-0.6547551132393746,-3.0699898241862904,1.246024237288195,1.3428394187912076
93.60000000000001,-0.6580552794981375,-3.069858768640973,1.2473904856563416,1.343821158561077
93.7,-0.6613509394578254,-3.069730668889705,1.2487672211529888,1.344806789072197
93.8,-0.6646508382511818,-3.0695932520562956,1.2501544429317946,1.3457963181195485
93.89999999999999,-0.6679508100766801,-3.0694398198971897,1.2515521499408238,1.3467897535618405
94.0,-0.6712498257195204,-3.0692958728896813,1.2529603408247771,1.347787103285177
94.1,-0.6745540540837641,-3.0691397874054425,1.2543790139300988,1.348788375132892
94.2,-0.6778568240707391,-3.0689812916433503,1.255808167450901,1.3497935771735219
94.30000000000001,-0.6811484202060171,-3.068821552047852,1.2572477995002553,1.3508027176138415
94.39999999999999,-0.684427235893284,-3.0686593941353175,1.2586979080439025,1.351815804407563
94.5,-0.6877060742507501,-3.0685031639694467,1.2601584909702708,1.352832845255747
94.6,-0.6909932973813584,-3.0683409001897197,1.2616295461578855,1.353853848109286
94.7,-0.6942727719374083,-3.068184643023413,1.2631110712981508,1.354878821115671
94.80000000000001,-0.6975593608848851,-3.068037507407204,1.264603063851943,1.355907772418804
94.9,-0.7008320288069912,-3.0678878255601365,1.2661055211455488,1.356940710344161
95.0,-0.7040972779853376,-3.0677226473464336,1.2676184402330044,1.357977643138238
95.1,-0.7073532947039247,-3.067555736769213,1.2691418178987848,1.3590185790158738
95.2,-0.7105929070887053,-3.067402854276275,1.2706756507194914,1.3600635261940945
95.3,-0.7138338955140665,-3.067248142528957,1.2722199349933392,1.3611124926933644
95.4,-0.7170743646928404,-3.0671028448788764,1.2737746668441625,1.362165486661891
95.5,-0.7203198933795922,-3.066955308476928,1.2753398422077389,1.363222516412458
95.6,-0.7235690097475953,-3.066800334047707,1.276915456709286,1.364283590377183
95.7,-0.7268113039043678,-3.0666424766329863,1.2785015057226146,1.365348717111641
95.8,-0.7300479391248177,-3.0664767696449924,1.2800979844160352,1.3664179049869456
95.9,-0.7332896948537436,-3.066301170692426,1.2817048878040394,1.367491162351474
96.0,-0.7365231246255186,-3.066127590293263,1.2833222108356566,1.3685684977860517
96.1,-0.7397534709798483,-3.0659598604726552,1.2849499483238689,1.3696499198230572
96.2,-0.742979730237345,-3.0657781558633035,1.286588094945443,1.3707354369575941
96.3,-0.7461986977173175,-3.0655984727275722,1.288236645361066,1.371825057655188
96.4,-0.74942935608071,-3.065416281905235,1.2898955942713828,1.3729187903955509
96.5,-0.7526602449412076,-3.0652483397337633,1.2915649362296695,1.3740166439390427
96.60000000000001,-0.755887109833413,-3.065073204877508,1.2932446654991592,1.3751186271625944
96.69999999999999,-0.759103148436155,-3.0648861533757503,1.2949347761071999,1.376224748644
96.8,-0.7623356331626728,-3.064682924669305,1.2966352617862125,1.3773350167653682
96.9,-0.7655707501229693,-3.0644709650975277,1.2983461160348082,1.378449440226166
97.0,-0.7688106563407122,-3.0642646211618985,1.3000673321711824,1.379568027980247
97.10000000000001,-0.7720467925240213,-3.0640416953700105,1.3017989031919692,1.3806907888695243
97.2,-0.7752879158631207,-3.0638237070205263,1.3035408217085716,1.3818177315119577
97.3,-0.7785388369251968,-3.063597295244752,1.3052930801342997,1.3829488643606782
97.39999999999999,-0.7818158954665998,-3.0633737904715446,1.3070556707468797,1.3840841961131916
97.5,-0.7850898046226675,-3.063142283642549,1.3088285857263067,1.3852237359249049
97.60000000000001,-0.7883567305513539,-3.062908353562078,1.310611817245595,1.386367492842046
97.7,-0.791627066830083,-3.0626723916980656,1.312405357400645,1.3875154754642396
97.8,-0.7949120780736854,-3.062419892561611,1.3142091982173831,1.3886676925245756
97.89999999999999,-0.7981946066866341,-3.062176325535366,1.3160233316003458,1.3898241530172513
98.0,-0.801483342474093,-3.0619290387664195,1.3178477492135832,1.3909848658075592
98.1,-0.8047738862707711,-3.061680471100759,1.319682442599838,1.3921498396942082
98.2,-0.8080715224654655,-3.0614390947101198,1.321527403262677,1.3933190835380131
98.30000000000001,-0.8113744990525547,-3.061206002192519,1.3233826226357133,1.3944926062902225
98.39999999999999,-0.8146763719146997,-3.06096941951803,1.3252480920733167,1.3956704169692928
98.5,-0.8179791845852756,-3.0607245048007603,1.327123802828907,1.3968525244957102
98.6,-0.82128456635829,-3.0604684555441324,1.329009746080461,1.3980389378316966
98.7,-0.8245845168817207,-3.060186523397697,1.3309059129891654,1.3992296661508614
98.8,-0.8278747951675074,-3.059900256918451,1.3328122945752123,1.4004247185624321
98.9,-0.831166408349249,-3.059611285999346,1.334728881513813,1.4016241038616029
99.0,-0.8344676050385229,-3.059324518387741,1.3366556642384475,1.4028278309304043
99.1,-0.8377659247173715,-3.059035798307935,1.3385926330437952,1.4040359089329142
99.2,-0.8410634144657144,-3.058744992888221,1.3405397780069623,1.405248346978472
99.3,-0.8443586655860137,-3.058445396556568,1.3424970889888863,1.4064651540474304
99.4,-0.8476539315685211,-3.058154386319852,1.3444645557707742,1.407686339120299
99.5,-0.85094993094814,-3.057853753132272,1.3464421681184617,1.4089119111921882
99.6,-0.8542494335956071,-3.0575467987688234,1.3484299156671384,1.4101418792831082
99.7,-0.8575473516020975,-3.0572442256967505,1.3504277878967053,1.4113762524335614
99.8,-0.8608465186766059,-3.056938480396282,1.3524357741761404,1.4126150397329467
99.9,-0.8641359085343335,-3.0566237281485957,1.3544538637714971,1.4138582503128194
100.0,-0.8674208296805586,-3.0563118779349616,1.356482045740274,1.4151058931060045
100.1,-0.8707088767391942,-3.055993422659611,1.3585203089667202,1.4163579769203443
100.19999999999999,-0.8739994928987058,-3.0556746993186388,1.360568642288767,1.4176145107941462
100.3,-0.8772821866971197,-3.055359725834931,1.36262703446976,1.4188755038904852
100.4,-0.8805600996856742,-3.0550460182921846,1.3646954740800437,1.4201409651343047
100.5,-0.8838409186989864,-3.0547280136157458,1.366773949589706,1.421410903409402
100.60000000000001,-0.8871128471376368,-3.0544162945250215,1.3688624496140414,1.4226853278281373
100.69999999999999,-0.8903838967019947,-3.054115895720034,1.3709609627456434,1.4239642473359733
100.8,-0.8936652695861677,-3.0538057135241323,1.3730694773901375,1.4252476707659196
100.9,-0.8969466069700246,-3.053490694696196,1.3751879819218302,1.426535607302884
101.0,-0.9002158427150783,-3.053175098870935,1.3773164647007523,1.4278280661320295
101.10000000000001,-0.9034922261813734,-3.052866469631468,1.379454913973597,1.429125056221203
101.2,-0.9067623052311236,-3.0525469131922827,1.381603317779124,1.4304265865856076
101.3,-0.9100328126715894,-3.0522199011685243,1.38376166382007,1.4317326661780225
101.39999999999999,-0.9132971852214565,-3.0518887463808215,1.3859299396033946,1.4330433037764139
101.5,-0.9165716455981556,-3.051552924431289,1.3881081326390146,1.4343585082582384
101.6,-0.9198333971632274,-3.051209070418191,1.3902962303817572,1.435678288680123
101.7,-0.9230904572913109,-3.0508719969488616,1.392494220257024,1.4370026538995457
101.80000000000001,-0.9263566419977205,-3.0505397384396598,1.3947020897896294,1.438331612750649
101.89999999999999,-0.9296157157974322,-3.0502069484588894,1.3969198264767155,1.4396651743308468
102.0,-0.9328703981997662,-3.0498672528277395,1.3991474175856067,1.4410033475152682
102.1,-0.9361327681102604,-3.0495187058834707,1.4013848501651018,1.4423461410000014
102.2,-0.9393897925961162,-3.049146894297307,1.403632111191421,1.4436935635754977
102.30000000000001,-0.9426560501847826,-3.0487683815715143,1.4058891875173976,1.4450456239377207
102.4,-0.9459273310984292,-3.0483911887757986,1.4081560658869234,1.4464023307396443
102.5,-0.9492109597116383,-3.0480080717702003,1.4104327329903965,1.4477636927124415
102.6,-0.952498669680743,-3.0476267100619747,1.4127191752966097,1.4491297184993277
102.7,-0.9557997253536171,-3.047238859721971,1.4150153791474005,1.4505004166739168
102.8,-0.9591062363229773,-3.0468445995813966,1.4173213309903174,1.4518757959093254
102.9,-0.9624216505632152,-3.0464386040894333,1.4196370172431607,1.4532558649219731
103.0,-0.9657375811474822,-3.0460337713879375,1.4219624242646944,1.4546406324887233
103.1,-0.9690462525775771,-3.0456348436390677,1.424297538594683,1.4560301073804038
103.2,-0.9723636485311505,-3.045228212427019,1.4266423467986493,1.4574242981630312
103.3,-0.975686716830679,-3.044814280185291,1.4289968352606026,1.4588232133746875
103.4,-0.979018469931805,-3.044402527297561,1.4313609902414104,1.460226861724284
103.5,-0.9823396648599556,-3.043993890574637,1.433734797851632,1.4616352519195195
103.6,-0.985657921773448,-3.0435741872198476,1.4361182440949305,1.4630483923750435
103.7,-0.9889832455434976,-3.0431475071842913,1.4385113149355462,1.4644662914406779
103.8,-0.9923031699798618,-3.042713658620952,1.4409139961696449,1.4658889574879617
103.9,-0.9956325530787328,-3.0422593535640425,1.443326273400588,1.4673163987654831
104.0,-0.9989576142914729,-3.0417917961629484,1.445748132166159,1.468748623471373
104.10000000000001,-1.0022980569366793,-3.0413268591335556,1.448179557895254,1.4701856396939326
104.19999999999999,-1.005644548572546,-3.0408576737291857,1.4506205359565498,1.4716274556261169
104.3,-1.0089899676884988,-3.0403909148242874,1.4530710517664487,1.4730740795215027
104.4,-1.0123457484227365,-3.0399228808455834,1.4555310908102452,1.4745255194501687
104.5,-1.015714130788009,-3.039444905177831,1.4580006386391364,1.475981783657676
104.60000000000001,-1.0190764073424552,-3.0389726978204386,1.4604796806601925,1.477442880445577
104.7,-1.0224447187007204,-3.038495201041344,1.4629682021037562,1.4789088179089047
104.8,-1.0258043565322408,-3.0380125056533864,1.4654661883404585,1.4803796041959885
104.89999999999999,-1.0291622409022343,-3.0375066081868245,1.4679736248025337,1.481855247440247
105.0,-1.0325163878600607,-3.0370000414989784,1.4704904967793206,1.4833357555658646
105.10000000000001,-1.0358811844168414,-3.036491000702411,1.4730167894767583,1.4848211364284631
105.2,-1.039250272993137,-3.035986868902102,1.475552487877308,1.4863113978651412
105.3,-1.0426228506456714,-3.035473876513675,1.4780975768571574,1.4878065477718658
105.39999999999999,-1.045987713054242,-3.034957968350454,1.4806520414304332,1.489306594034571
105.5,-1.0493576051684441,-3.0344243330129124,1.4832158665042479,1.4908115443299763
105.6,-1.0527279540424148,-3.033888663688195,1.4857890368633047,1.4923214062983903
105.7,-1.056096538814759,-3.0333398305551613,1.4883715373928854,1.4938361876350745
105.80000000000001,-1.059469892265057,-3.0327948712638344,1.4909633528841477,1.4953558959248772
105.89999999999999,-1.0628409567214676,-3.032259038534407,1.4935644679499074,1.4968805386667012
106.0,-1.0662131092266964,-3.031712898396482,1.4961748671829727,1.4984101231906326
106.1,-1.069599101113738,-3.031157323728029,1.4987945352507515,1.4999446568381685
106.2,-1.0729862349572319,-3.0306023815179732,1.5014234569082803,1.501484147231951
106.3,-1.0763658585482385,-3.0300437548124894,1.5040616168619332,1.5030286019836991
106.4,-1.079739613238784,-3.0294913198793476,1.5067089997470495,1.5045780284519041
106.5,-1.0831115903504738,-3.0289309064042573,1.5093655900686773,1.50613243391659
106.6,-1.086466358053967,-3.0283750225537456,1.5120313722566356,1.5076918256125569
106.7,-1.0898213065938946,-3.027824910834475,1.5147063308716222,1.5092562106296388
106.8,-1.0931762004780705,-3.0272693444127663,1.517390450556518,1.5108255960225636
106.9,-1.0965359531225543,-3.026698218082313,1.520083715878998,1.5123999887967001
107.0,-1.0999093564706866,-3.0261158386773275,1.52278611137313,1.5139793960431005
107.1,-1.1032731826263138,-3.0255202483805173,1.5254976215477363,1.5155638249340138
107.2,-1.1066408979101952,-3.024897206760689,1.5282182308416974,1.5171532824094927
107.3,-1.1100105162438936,-3.0242665234873303,1.5309479236421175,1.5187477753528318
107.4,-1.1133755573374207,-3.0236280536387223,1.5336866842402395,1.5203473106695817
107.5,-1.1167364063481489,-3.022995582042172,1.5364344969244854,1.5219518950363684
107.6,-1.1201105265791895,-3.0223496633342384,1.539191346182534,1.5235615350981901
107.69999999999999,-1.123486468998108,-3.0216856458135686,1.54195721645007,1.525176237579041
107.8,-1.1268688285389117,-3.021010976692091,1.5447320919859642,1.5267960090879684
107.9,-1.1302575442005214,-3.020314913346993,1.5475159572967898,1.5284208563719914
108.0,-1.1336377998387104,-3.0196093378410813,1.550308796880692,1.5300507861517496
108.10000000000001,-1.1370271835954775,-3.0189052832984067,1.553110594943768,1.5316858048198503
108.19999999999999,-1.140413758430889,-3.0181908494353547,1.555921335823061,1.5333259188363684
108.3,-1.1438002821565143,-3.017474693141733,1.5587410039944178,1.5349711346815975
108.4,-1.1471905105882036,-3.01674695973411,1.5615695838356412,1.536621458731613
108.5,-1.1505719612240486,-3.016025426590561,1.5644070595703954,1.5382768972416543
108.60000000000001,-1.1539607808803132,-3.0153065407767072,1.5672534153083932,1.5399374561990817
108.7,-1.1573560807868766,-3.0145903831485676,1.5701086351528215,1.5416031415543343
108.8,-1.1607537710411147,-3.0138666045522537,1.5729727030915925,1.5432739592790978
108.89999999999999,-1.1641491637890695,-3.0131486564466905,1.5758456030672887,1.5449499151783332
109.0,-1.1675559445282793,-3.012423314968316,1.5787273191710671,1.5466310149736882
109.1,-1.170967441454446,-3.011690963583383,1.5816178354607455,1.548317264477843
109.2,-1.1743680156203402,-3.0109475847919303,1.5845171359254249,1.5500086694001092
109.30000000000001,-1.1777821958010195,-3.0102011633726127,1.5874252045256754,1.5517052352192358
109.39999999999999,-1.1811951424457434,-3.009465468524246,1.5903420252179388,1.5534069673887636
109.5,-1.1846204389105714,-3.008713134439833,1.5932675821453748,1.5551138714181911
109.6,-1.188047985987894,-3.0079469368234584,1.5962018595140621,1.5568259528770945
109.7,-1.1914756117593592,-3.007176452660407,1.5991448415181284,1.558543217286616
109.80000000000001,-1.1949084743536265,-3.00637692300544,1.6020965124374644,1.5602656701357573
109.9,-1.1983313192719394,-3.0055716102696883,1.6050568565812096,1.5619933168890872
110.0,-1.2017645336063763,-3.004768173693884,1.6080258582101867,1.5637261628050207
110.1,-1.2051995949537477,-3.0039557155564496,1.6110035014834585,1.5654642129927325
110.2,-1.2086458627071057,-3.0031313050756183,1.6139897706370825,1.5672074725994602
110.3,-1.212096355801794,-3.0023036762707647,1.6169846499478302,1.5689559467861174
110.4,-1.2155498698232636,-3.001470597581656,1.6199881236225495,1.5707096405634584
110.5,-1.2190146477048207,-3.0006247092182683,1.6230001759230654,1.572468558806844
110.6,-1.2224908235065888,-2.9997737173916477,1.6260207910257014,1.5742327063124737
110.7,-1.2259795796541813,-2.998911422984714,1.629049952966759,1.576002087903861
110.8,-1.2294566193197336,-2.998047275267124,1.6320876459135778,1.57777670854174
110.9,-1.2329219517244951,-2.9971791555421694,1.6351338542076204,1.5795565729797474
111.0,-1.2363988451914236,-2.996324075688892,1.6381885621395083,1.5813416857051663
111.1,-1.2398714955044998,-2.9954682001636734,1.641251754151915,1.5831320513630076
111.2,-1.2433448671495204,-2.9946118924946195,1.6443234148103245,1.5849276745902616
111.3,-1.2468213427107846,-2.993755096678605,1.6474035283609654,1.586728559753538
111.4,-1.250287321809875,-2.992877004828837,1.6504920789213506,1.5885347111111796
111.5,-1.2537496911723753,-2.9919837499691493,1.653589050496328,1.590346132714698
111.60000000000001,-1.2572120172269536,-2.991106665144633,1.6566944268915451,1.5921628284009905
111.69999999999999,-1.2606701604196948,-2.9902219847388287,1.6598081920224288,1.5939848020106957
111.8,-1.2641228638470563,-2.9893411389805595,1.6629303297992544,1.5958120572342087
111.9,-1.2675828242217477,-2.988461646573969,1.6660608240767376,1.5976445975905014
112.0,-1.2710458941873632,-2.987578448052752,1.6691996587928446,1.5994824267070127
112.10000000000001,-1.2744969951565042,-2.986690854089981,1.6723468180848702,1.6013255483102171
112.2,-1.2779505652065466,-2.985810023298354,1.67550228621267,1.6031739660148865
112.3,-1.2813985280935136,-2.9849344692743145,1.678666047437584,1.6050276833358652
112.39999999999999,-1.284846327089597,-2.984052524814915,1.6818380859730304,1.6068867035938519
112.5,-1.2883089379314663,-2.983170367045897,1.6850183858987722,1.6087510299738126
112.60000000000001,-1.2917662820808407,-2.982282522897872,1.6882069313687713,1.6106206657909745
112.7,-1.2952210542199165,-2.9813961624225715,1.6914037065956822,1.6124956143180538
112.8,-1.2986613910800806,-2.980505420974753,1.6946086956566244,1.6143758785156395
112.89999999999999,-1.302106441998681,-2.9796089309738347,1.6978218826704123,1.6162614611449626
113.0,-1.305554252816948,-2.9787000006350564,1.7010432519549699,1.618152365007194
113.1,-1.3090123195600922,-2.9777851117743603,1.7042727876612846,1.6200485929030641
113.2,-1.3124583031083141,-2.976860069857657,1.707510473806975,1.6219501474740454
113.30000000000001,-1.3159220655604669,-2.9759323456635185,1.7107562947448132,1.6238570313632161
113.39999999999999,-1.3193887744616657,-2.975000776370032,1.7140102351705404,1.6257692473691912
113.5,-1.3228716961023048,-2.9740674496355797,1.71727227975755,1.627686798321504
113.6,-1.326352154967138,-2.9731454042509142,1.7205424130331022,1.6296096869451453
113.7,-1.329832350637388,-2.972222044826369,1.7238206196058647,1.6315379158387266
113.8,-1.333319196791691,-2.971303245944975,1.7271068841447728,1.6334714874873777
113.9,-1.3367972850131267,-2.970367387882641,1.7304011912472521,1.635410404323601
114.0,-1.3402708605430658,-2.9694265974324194,1.7337035255477746,1.6373546687091425
114.1,-1.3437345020986937,-2.968483778378442,1.7370138716976482,1.639304282823395
114.2,-1.347206365267949,-2.9675399815240597,1.7403322143491984,1.641259248679666
114.3,-1.3506829531353421,-2.966601568967282,1.7436585382377527,1.6432195683790662
114.4,-1.3541479302116484,-2.965660563208276,1.746992827996194,1.6451852439696224
114.5,-1.3576049097398857,-2.9647143869296677,1.7503350680749106,1.6471562771495099
114.6,-1.3610674594681433,-2.9637652716627145,1.753685243026452,1.649132669529525
114.7,-1.3645287550916028,-2.962820410644435,1.7570433375898642,1.651114422837807
114.8,-1.3679885206874038,-2.9618748101504,1.7604093366333613,1.6531015387949395
114.9,-1.37144712864519,-2.9609318724876945,1.7637832250819243,1.655094018981443
115.0,-1.374909244119593,-2.959978519509607,1.7671649876520035,1.6570918647658832
115.1,-1.3783670838141804,-2.959023896388933,1.7705546089140853,1.6590950773782478
115.19999999999999,-1.3818248475739685,-2.9580640542426484,1.7739520736450394,1.6611036580305303
115.3,-1.385282228266302,-2.957092104276294,1.7773573668002924,1.6631176078738135
115.4,-1.3887464623069212,-2.9561035371426208,1.7807704732791463,1.665136927913596
115.5,-1.3922203883681483,-2.955092129276662,1.7841913778271437,1.6671616190592322
115.60000000000001,-1.3956978794005095,-2.9540815245720125,1.787620065293872,1.6691916823225255
115.69999999999999,-1.3991663869402116,-2.953050731068795,1.7910565207943885,1.6712271187265717
115.8,-1.4026404802851402,-2.952015099472822,1.79450072917829,1.673267928984216
115.9,-1.4061135309013875,-2.9509862544825323,1.7979526751816626,1.6753141137013188
116.0,-1.409583809482933,-2.9499541016473834,1.8014123439499719,1.6773656736630658
116.10000000000001,-1.4130398216060513,-2.948913957785728,1.8048797207433778,1.67942260957897
116.2,-1.4165007073840317,-2.9478803715863355,1.8083547906148223,1.681484921911539
116.3,-1.4199513307781315,-2.946835160995521,1.811837538714888,1.6835526110936532
116.39999999999999,-1.4234032599808384,-2.945781552535111,1.815327950354198,1.6856256775638832
116.5,-1.4268575234966365,-2.9447377771115146,1.8188260106299576,1.6877041215212158
116.6,-1.4303205767867722,-2.9436933785797326,1.8223317046717427,1.6897879431471003
116.7,-1.4337681457283278,-2.9426457046136254,1.825845017766835,1.691877142611502
116.80000000000001,-1.4372212274165077,-2.941590593458322,1.8293659351241833,1.6939717198243265
116.89999999999999,-1.440679289866275,-2.9405330058754244,1.8328944419516897,1.6960716746108833
117.0,-1.4441390886782342,-2.939470235584729,1.8364305233522242,1.6981770067297923
117.1,-1.4476078418253706,-2.9384136527554436,1.8399741644549625,1.7002877158618837
117.2,-1.4510847059340355,-2.9373611205512,1.8435253508196718,1.7024038019242265
117.30000000000001,-1.454554054830647,-2.936307512195992,1.8470840681966036,1.7045252648886113
117.4,-1.4580315671780624,-2.935262346834645,1.8506503022687852,1.7066521045135796
117.5,-1.4615152717944124,-2.934208846668266,1.8542240387840496,1.708784320532532
117.6,-1.464998557169867,-2.933164747400495,1.8578052636593976,1.7109219128017061
117.7,-1.4684687060253527,-2.9321122911864865,1.861393962920507,1.7130648810581246
117.8,-1.4719448017276022,-2.931055263060722,1.8649901224865448,1.7152132247968694
117.9,-1.4754163031709326,-2.9300032371542213,1.8685937282104799,1.7173669434043606
118.0,-1.4788917462323103,-2.9289474203930133,1.8722047658582888,1.7195260360993407
118.1,-1.48236209071322,-2.9278806160180935,1.8758232211432346,1.7216905019401765
118.2,-1.485840856835389,-2.9268173991004702,1.8794490798318269,1.7238603399826677
118.3,-1.48930624243479,-2.9257564079619374,1.8830823276900512,1.7260355491833717
118.4,-1.492765482507706,-2.924677951514027,1.8867229504002507,1.7282161282733504
118.5,-1.4962165540927113,-2.9235926288817033,1.890370933416474,1.7304020756980842
118.6,-1.4996790668662154,-2.922509818496132,1.8940262622961954,1.7325933898891386
118.7,-1.5031405482627007,-2.9214248400211806,1.8976889230497211,1.7347900694680556
118.8,-1.5066101243074372,-2.920335572523304,1.901358901681154,1.7369921129902108
118.9,-1.5100838873933569,-2.9192554903527625,1.9050361841490318,1.7391995189359484
119.0,-1.513552010693886,-2.918168088069168,1.9087207565627666,1.7414122858038759
119.10000000000001,-1.5170156298198176,-2.9170794884298115,1.9124126049491565,1.7436304119530437
119.19999999999999,-1.5204720323572478,-2.9159973716653522,1.9161117153914868,1.7458538956299545
119.3,-1.5239387652988285,-2.9149099385541555,1.9198180742018827,1.7480827350790666
119.4,-1.5274069565537909,-2.913822180015889,1.923531667602939,1.7503169284878755
119.5,-1.5308853945139347,-2.9127504416782632,1.9272524815866685,1.752556473898649
119.60000000000001,-1.5343555689395898,-2.911678599602156,1.9309805024009425,1.7548013693932412
119.7,-1.5378138119719813,-2.910591481813662,1.934715716623692,1.757051613096056
119.8,-1.5412736615647271,-2.909499536807126,1.9384581107123564,1.7593072029488308
119.89999999999999,-1.5447349794018266,-2.908409495819212,1.9422076709458573,1.761568136734702
120.0,-1.5481976938427322,-2.907316766341677,1.9459643835893203,1.7638344121757192
120.1,-1.5516580817021672,-2.9062377550701726,1.949728235105448,1.7661060269701099
120.2,-1.5551220444666856,-2.9051391598887193,1.9534992120096004,1.7683829787236112
120.3,-1.558584471534269,-2.9040541249625793,1.9572773006954105,1.770665264909897
120.4,-1.5620507004873607,-2.9029590804951577,1.9610624877123402,1.772952882961717
120.5,-1.5655263575987963,-2.9018681944517564,1.9648547596808414,1.7752458302424816
120.6,-1.5689998129684155,-2.900760120734818,1.9686541031796185,1.7775441040705735
120.7,-1.5724618682221168,-2.8996414017873597,1.9724605048228774,1.7798477016668564
120.8,-1.5759343269401451,-2.8985155270929877,1.9762739511781409,1.7821566201159798
120.9,-1.5793988682706572,-2.8973853187897416,1.98009442875152,1.7844708563966236
121.0,-1.5828556411696746,-2.896229352699498,1.9839219241303137,1.786790407440566
121.10000000000001,-1.5863111812496145,-2.8950738291210136,1.9877564240597696,1.7891152701994646
121.2,-1.589762400160798,-2.893919867901553,1.9915979152039052,1.7914454415022179
121.29999999999998,-1.5932107959729596,-2.8927692013022854,1.9954463842965546,1.7937809180429403
121.4,-1.5966623794065633,-2.8916054571562317,1.9993018183211408,1.7961216964805609
121.5,-1.6001253416108083,-2.890418823848097,2.003164203883246,1.7984677732276422
121.60000000000001,-1.6035825895556568,-2.88922327968954,2.007033527278828,1.8008191445913646
121.7,-1.6070221890464393,-2.8880252084092706,2.010909775224278,1.8031758069854318
121.79999999999998,-1.6104664564958884,-2.8868220284320634,2.0147929347278355,1.8055377567517938
121.9,-1.6139172297345976,-2.885612995389939,2.018682992715993,1.8079049900843933
122.0,-1.6173816877215752,-2.8843909310967955,2.022579936102107,1.810277503193198
122.10000000000001,-1.6208442589039946,-2.8831654072402655,2.0264837519816603,1.8126552924231012
122.2,-1.6242958959921516,-2.8819295762998762,2.0303944275113257,1.8150383540309514
122.30000000000001,-1.6277543587701637,-2.8806761641356005,2.0343119499685094,1.817426684216038
122.4,-1.6312155615940758,-2.8794213421583437,2.038236307014693,1.819820279383026
122.49999999999999,-1.634680071914538,-2.878151950851906,2.0421674861607504,1.8222191358052826
122.60000000000001,-1.6381403809422512,-2.8768848810013727,2.046105474582015,1.8246232494820405
122.69999999999999,-1.6415939287661407,-2.8756122990030435,2.050050259469819,1.8270326162910258
122.80000000000001,-1.645047936194614,-2.8743378463173106,2.05400182805192,1.8294472320113095
122.9,-1.6484930360380048,-2.873058831421968,2.0579601676722437,1.8318670924020697
122.99999999999999,-1.6519411539789568,-2.871769721478269,2.06192526569828,1.834292193136878
123.10000000000001,-1.655393989531924,-2.8704750131323373,2.065897109621078,1.8367225299144059
123.19999999999999,-1.6588496729474784,-2.869169243452951,2.0698756871630697,1.839158098541229
123.30000000000001,-1.662306797657724,-2.867855398517294,2.0738609862001702,1.841598894858562
123.4,-1.6657644940448542,-2.8665335881260736,2.077852994548796,1.844044914581166
123.49999999999999,-1.6692334472023806,-2.865207571658244,2.0818516996382526,1.8464961531376969
123.60000000000001,-1.6726933111918407,-2.8638847550811204,2.0858570889003505,1.8489526058883454
123.69999999999999,-1.676141260109933,-2.862549076386939,2.0898691500012467,1.8514142682075272
123.80000000000001,-1.6795875711951402,-2.8612287960445864,2.093887870514558,1.8538811353204898
123.89999999999999,-1.6830170048547912,-2.85990770418557,2.0979132382033616,1.856353202363543
124.00000000000001,-1.6864579463824452,-2.8585596201596846,2.1019452410723676,1.8588304645149252
124.1,-1.6898964258559006,-2.8572161074135205,2.105983866955874,1.861312916928457
124.19999999999999,-1.6933371665914883,-2.855864642545506,2.1100291036908367,1.863800554702819
124.30000000000001,-1.6967818688128982,-2.854506825978642,2.114080939249186,1.8662933729168925
124.39999999999999,-1.7002363453412834,-2.853152339662255,2.118139361613563,1.8687913666536264
124.50000000000001,-1.703686053839053,-2.8517958604685663,2.1222043588100563,1.8712945309444793
124.6,-1.707137038363509,-2.8504378049490326,2.1262759191258174,1.873802860850811
124.69999999999999,-1.710575688614757,-2.8490546706987265,2.130354031059424,1.876316351475323
124.80000000000001,-1.7140195955582807,-2.8476762011831447,2.134438682828265,1.8788349977710048
124.89999999999999,-1.7174617242267665,-2.8463143853444626,2.138529862427907,1.881358794464679
125.00000000000001,-1.72090461112406,-2.8449507331637993,2.1426275579539986,1.8838877361359592
125.1,-1.7243609671410736,-2.843575193789439,2.146731757648459,1.8864218173954839
125.19999999999999,-1.7278222138451789,-2.8422003835698653,2.150842449812035,1.8889610329248883
125.3,-1.7312814297593024,-2.8408142534520078,2.154959622818762,1.8915053773963846
125.39999999999999,-1.7347356449897282,-2.839421360174706,2.1590832652753105,1.8940548455348707
125.5,-1.7381855887105473,-2.8380152884932226,2.163213365876767,1.896609432040598
125.6,-1.74164150056566,-2.836602418500666,2.167349913064405,1.8991691314243162
125.70000000000002,-1.7450982848499799,-2.835195244771345,2.171492895258154,1.9017339381446152
125.8,-1.7485540349301127,-2.833788700863989,2.17564230102467,1.9043038466534234
125.89999999999999,-1.7520054411514412,-2.8323884206281633,2.179798118909393,1.9068788512413775
126.0,-1.7554721727656257,-2.830976289405654,2.183960337628138,1.9094589462302183
126.1,-1.7589364820503792,-2.829567016818402,2.188128946020044,1.912044126058487
126.20000000000002,-1.7623882896672804,-2.828162631992776,2.1923039327545477,1.9146343850072187
126.3,-1.7658458859632387,-2.826758384174119,2.19648528659281,1.9172297172591397
126.39999999999999,-1.7693102114874562,-2.825347750163958,2.2006729966787115,1.919830117219727
126.5,-1.7727699853252155,-2.823944084909169,2.2048670519217564,1.9224355791765497
126.6,-1.7762379219131699,-2.82255299037968,2.2090674410070834,1.9250460971903165
126.7,-1.7797105484547036,-2.821168568842169,2.213274152973845,1.9276616654121057
126.8,-1.7831757775463604,-2.8197825626308304,2.217487177010382,1.9302822779916444
126.9,-1.786634750473103,-2.81838847247348,2.221706502226161,1.9329079289396416
127.0,-1.7900937737374014,-2.816987195488364,2.2259321176082105,1.9355386121143252
127.1,-1.7935541751734303,-2.8155736690866244,2.230164011972639,1.938174321235674
127.2,-1.797021453375954,-2.81416294382928,2.234402174154014,1.940815050005071
127.3,-1.8004890117339105,-2.8127424098301055,2.2386465934038347,1.9434607923432703
127.4,-1.8039433654975967,-2.8113233909870186,2.2428972591813614,1.9461115422779376
127.5,-1.8073945032133218,-2.8099048681582803,2.247154160887341,1.9487672937284766
127.6,-1.8108481731539945,-2.808478727442034,2.2514172879960226,1.951428040574775
127.7,-1.814296479247302,-2.8070406285675493,2.255686629926497,1.9540937766794353
127.8,-1.8177382660226091,-2.8056069040976586,2.2599621761197084,1.9567644959144375
127.9,-1.8211886914991338,-2.804182886334175,2.2642439162365355,1.959440192171265
128.0,-1.8246544508823739,-2.80276294819404,2.2685318399965424,1.9621208592541635
128.1,-1.8281137122274826,-2.801338443187952,2.2728259368101744,1.9648064907092437
128.2,-1.831566586896877,-2.799906678595678,2.277126195965184,1.9674970799641927
128.29999999999998,-1.8350245168187218,-2.7984763267909667,2.281432607030967,1.9701926205899831
128.4,-1.8384848860468272,-2.7970524333429747,2.285745159515468,1.97289310608052
128.5,-1.84194599719537,-2.7956357355890127,2.290063842925453,1.9755985298297782
128.60000000000002,-1.8454089759442314,-2.7942086837195284,2.294388646979078,1.9783088852793866
128.7,-1.8488804742306986,-2.792777939881836,2.2987195614843796,1.9810241659519625
128.79999999999998,-1.8523671886786557,-2.7913567106072494,2.3030565763210946,1.9837443653828863
128.9,-1.8558383656054964,-2.7899167672196903,2.307399681241193,1.9864694769338525
129.0,-1.8593164370343043,-2.7884825205844876,2.311748866069265,1.989199494020493
129.10000000000002,-1.8627890141048975,-2.7870514428456845,2.316104120897242,1.9919344101224177
129.2,-1.8662714669201497,-2.7856104991641417,2.32046543570709,1.9946742185436173
129.29999999999998,-1.8697545999469007,-2.784164412401183,2.3248328004282253,1.9974189125369068
129.4,-1.8732444756831772,-2.7827129027312822,2.32920620519197,2.000168485458522
129.5,-1.876735902667572,-2.7812565565828207,2.333585639962246,2.002922930504378
129.60000000000002,-1.8802332999199396,-2.77979515807617,2.3379710945882533,2.0056822407306303
129.7,-1.8837264675202106,-2.778311933423081,2.3423625590970163,2.008446409263949
129.8,-1.8872142067297633,-2.7768226311006066,2.346760023593735,2.011215429288532
129.9,-1.8907047959402001,-2.775321564868931,2.35116347826165,2.01398929400353
130.0,-1.8941996410099207,-2.7738201609537216,2.3555729132741106,2.0167679965566867
130.1,-1.8976801806381964,-2.7723158584679495,2.359988318888279,2.019551530079459
130.2,-1.9011565062204925,-2.770809068013548,2.3644096854196923,2.0223398876649097
130.3,-1.9046269005104637,-2.7692994648100013,2.3688370030556767,2.0251330623086243
130.4,-1.9080869459074936,-2.7678009241180566,2.373270262050545,2.027931047000352
130.5,-1.911542492115585,-2.766297513335453,2.377709452907651,2.030733834784374
130.6,-1.9149941952494476,-2.764787954472653,2.382154566067416,2.0335414186392433
130.7,-1.9184505124472202,-2.7632747004107436,2.3866055920336975,2.0363537915951957
130.8,-1.9218954430283703,-2.7617506440316,2.39106252145127,2.039170946746588
130.9,-1.9253332747897856,-2.7602246918126614,2.3955253447832856,2.0419928770830102
131.0,-1.9287504584366364,-2.758695727629771,2.399994052727661,2.044819575680628
131.1,-1.9321630932443488,-2.7571575525978704,2.404468636144398,2.0476510356568807
131.2,-1.9355907881682886,-2.7556110788895873,2.408949085757067,2.0504872500344566
131.3,-1.9390153010993905,-2.7540561015934992,2.4134353923583514,2.0533282118915737
131.4,-1.9424430208191261,-2.752508685327212,2.4179275466334045,2.0561739142306745
131.5,-1.9458820795999396,-2.750963486505162,2.4224255392863157,2.059024350001128
131.6,-1.9493026692771267,-2.7494268028820468,2.426929361312491,2.061879512257209
131.7,-1.9527251123745657,-2.7478932119327566,2.431439003796629,2.064739394032781
131.8,-1.9561359610295332,-2.746346831700622,2.435954457893776,2.0676039883270714
131.9,-1.9595450675982538,-2.7447929617444724,2.4404757147008675,2.07047328813202
132.0,-1.9629637151208459,-2.7432326221641676,2.445002765147316,2.073347286320002
132.1,-1.966379999908784,-2.741662123913911,2.4495356002547646,2.076225975788182
132.2,-1.9698012470362931,-2.7400942094950658,2.45407421116074,2.079109349461257
132.3,-1.9732147938502462,-2.738506035532846,2.4586185890467642,2.0819974002083326
132.4,-1.9766147182978653,-2.7369072840132476,2.4631687251572556,2.084890120976497
132.5,-1.980011315346367,-2.7353099461001373,2.4677246106112207,2.0877875046477836
132.6,-1.983402246391515,-2.7337047203228138,2.47228623640778,2.0906895439354067
132.7,-1.9868022232914682,-2.732094769054653,2.476853593669226,2.093596231627222
132.8,-1.9901961185311698,-2.730489546574721,2.481426673804617,2.0965075606623893
132.89999999999998,-1.9935857976036921,-2.7288803678931584,2.486005468369205,2.099423523998392
133.0,-1.9969779713181095,-2.7272648358989366,2.4905899687968,2.10234411448792
133.1,-2.0003807691090625,-2.7256425868299523,2.495180166286354,2.1052693248765446
133.20000000000002,-2.00378773339255,-2.724028141931771,2.4997760519921046,2.108199147880363
133.3,-2.007196713532211,-2.7224160096141747,2.504377617423807,2.1111335763639145
133.39999999999998,-2.010595810096169,-2.720801048973483,2.5089848543154063,2.1140726032480384
133.5,-2.01398675877325,-2.7191720839220874,2.5135977543266135,2.1170162214059762
133.6,-2.017384453005162,-2.7175330232529284,2.518216309038652,2.1199644237084523
133.70000000000002,-2.0207906540157654,-2.7158894234575235,2.5228405101597793,2.1229172031332255
133.8,-2.02421100651658,-2.7142531820005886,2.527470349755387,2.1258745528403065
133.89999999999998,-2.0276373775268817,-2.71261759221507,2.5321058198158752,2.1288364658251333
134.0,-2.0310760380813897,-2.710971153217899,2.536746912016201,2.1318029348257466
134.1,-2.0345147986395125,-2.7093152868033763,2.5413936180285615,2.134773952626415
134.20000000000002,-2.0379666559400307,-2.707666034198412,2.546045929580924,2.137749512063486
134.3,-2.041417624462426,-2.7060106115067226,2.550703838636055,2.1407296060455154
134.4,-2.0448684780671873,-2.7043594754148415,2.5553673372572074,2.1437142275240073
134.5,-2.0483429688029036,-2.7026993184155437,2.560036417243116,2.14670336929823
134.6,-2.051809136453546,-2.70104478689815,2.5647110704356924,2.1496970241731224
134.70000000000002,-2.0552647090905545,-2.699395221372212,2.569391288917923,2.1526951850874894
134.79999999999998,-2.0587194447303254,-2.6977444736581715,2.574077064759959,2.155697844923832
134.9,-2.0621915996655904,-2.6960885848340497,2.578768390119984,2.158704996632536
135.0,-2.065666503180037,-2.6944378118198293,2.5834652572717434,2.161716633216545
135.1,-2.069150786639036,-2.6927852579981346,2.5881676583479285,2.1647327475667213
135.20000000000002,-2.072639069195952,-2.6911380837467873,2.5928755853805914,2.167753332494125
135.29999999999998,-2.0761255174626867,-2.6894961441688365,2.597589030447405,2.1707783808243635
135.4,-2.0796120018972575,-2.68785947622869,2.6023079857679714,2.1738078854639458
135.5,-2.0831021229714985,-2.686230833782303,2.6070324436592114,2.176841839355919
135.6,-2.0865958714645143,-2.684598705756732,2.611762396489365,2.1798802354671523
135.7,-2.0900862031914196,-2.6829793635155106,2.616497836760553,2.1829230668642494
135.79999999999998,-2.0935862120660382,-2.681361716656014,2.621238757045592,2.1859703266337625
135.9,-2.0970922905237814,-2.6797469372530287,2.625985149850062,2.189022007758402
136.0,-2.1006068736354817,-2.67812402276974,2.6307370075831296,2.1920781031531855
136.10000000000002,-2.104122064622381,-2.6764969830642915,2.635494322839728,2.195138605839036
136.2,-2.1076238190922467,-2.674859439990499,2.6402570884978296,2.1982035090048324
136.29999999999998,-2.1111259126083115,-2.6732090762697998,2.6450252974300823,2.2012728058982685
136.4,-2.1146323591716056,-2.6715601109473774,2.6497989423281405,2.20434648967527
136.5,-2.118145842821707,-2.6699027854667152,2.6545780156624676,2.207424553292048
136.60000000000002,-2.121643519432697,-2.6682459070430937,2.6593625101915603,2.210506989855241
136.7,-2.1251406534150497,-2.6665872953239176,2.6641524190201387,2.2135937927108946
136.79999999999998,-2.1286437115731727,-2.664923011281303,2.668947735039468,2.2166849550121084
136.9,-2.1321455646049627,-2.6632433872163146,2.6737484510469733,2.2197804698559516
137.0,-2.1356486135342343,-2.6615664313931604,2.678554559997295,2.2228803304746165
137.10000000000002,-2.1391622524989127,-2.6598767044992915,2.6833660547640568,2.2259845300477044
137.2,-2.14266878060012,-2.6581985400584096,2.688182928082171,2.2290930616414237
137.3,-2.1461718699501033,-2.6565207335534184,2.6930051727959463,2.2322059184029097
137.4,-2.1496808678720947,-2.65486045702171,2.697832782014083,2.2353230935986046
137.5,-2.1531981888667184,-2.6531929911156,2.702665748802349,2.2384445804144644
137.6,-2.156729226547951,-2.651530373744193,2.707504066014131,2.241570371929314
137.7,-2.1602666771228956,-2.649874472500389,2.71234772678661,2.2447004613953263
137.8,-2.1637984461007576,-2.6482206098889867,2.717196724322257,2.247834842080186
137.9,-2.1673508050057024,-2.6465731496441474,2.722051051658583,2.250973507185322
138.0,-2.1709060671255394,-2.644924983073632,2.726910702114317,2.2541164500511384
138.1,-2.1744691167876877,-2.6432813892209435,2.7317756690724706,2.2572636640716484
138.2,-2.178034883825136,-2.641638982603909,2.7366459457339762,2.2604151424972923
138.3,-2.1816100074048705,-2.639983569769195,2.741521525417693,2.263570878634694
138.4,-2.1851946598899876,-2.638318715009335,2.746402401686666,2.266730865959841
138.5,-2.18877788239959,-2.636637148662804,2.7512885681010886,2.269895097956063
138.6,-2.192349640287371,-2.6349515442697213,2.7561800179884233,2.273063568029891
138.7,-2.1959354560425806,-2.633267471693849,2.7610767447370237,2.276236269674977
138.8,-2.199528569206141,-2.6315835029766497,2.7659787420007103,2.279413196433393
138.9,-2.2031220717820355,-2.6298875949784315,2.770886003340859,2.2825943417620076
139.0,-2.206721065856541,-2.6281928540009023,2.775798522140071,2.285779699070802
139.1,-2.21031851008293,-2.626495717649313,2.780716291918879,2.288969261818886
139.2,-2.2139197250157654,-2.624786501011885,2.785639306314645,2.29216302354731
139.3,-2.217516277636939,-2.623085758970543,2.7905675589155075,2.295360977803762
139.4,-2.221103302771162,-2.6213850367244333,2.7955010435149505,2.29856311820167
139.5,-2.2246668212848384,-2.6196816702018415,2.800439753956355,2.3017694383797966
139.6,-2.2282370690491216,-2.6179782185276466,2.8053836839614714,2.3049799319733446
139.7,-2.2318093277163698,-2.616264223306492,2.8103328273647836,2.308194592650956
139.8,-2.23539335033576,-2.6145426893115693,2.815287178030581,2.311413414111437
139.9,-2.238983748259176,-2.6128134806044034,2.8202467298874283,2.314636390078232
140.0,-2.242567920547574,-2.6110738801155216,2.825211476824756,2.317863514269098
140.1,-2.2461687645227486,-2.609335059720455,2.830181412651066,2.3210947804341884
140.2,-2.2497833457583374,-2.6075948849544077,2.835156531429642,2.3243301823543727
140.3,-2.253396743153703,-2.6058276303744243,2.8401368272471217,2.3275697138091997
140.39999999999998,-2.257027186043876,-2.604068974167683,2.8451222939289313,2.330813368619515
140.5,-2.2606682537309175,-2.602323668928147,2.8501129254401816,2.3340611406409675
140.6,-2.264322420297398,-2.6005779555829913,2.8551087160307334,2.337313023767612
140.70000000000002,-2.267962529709331,-2.598840313024544,2.8601096598975513,2.3405690118549933
140.8,-2.27161484355783,-2.5970943670200874,2.8651157511670737,2.343829098779204
140.89999999999998,-2.2752730340650507,-2.595342014176437,2.8701269841610983,2.3470932785341314
141.0,-2.2789223383075172,-2.5935850182002707,2.8751433530680917,2.350361545036656
141.1,-2.282569996948774,-2.5918235699377274,2.880164851718475,2.353633891989844
141.20000000000002,-2.286192320366216,-2.5900611398856936,2.8851914744178853,2.3569103133584046
141.3,-2.289815073631789,-2.5882814646228596,2.890223215889671,2.3601908034458368
141.39999999999998,-2.293435210248027,-2.586503879346751,2.8952600704618607,2.363475356326198
141.5,-2.2970564881533857,-2.584714482927735,2.9003020323451936,2.366763965980974
141.6,-2.300683817919261,-2.582925272823986,2.9053490959570443,2.3700566265177767
141.70000000000002,-2.3043082111364526,-2.581130937787902,2.9104012556893313,2.373353332053106
141.8,-2.307927964036329,-2.579352246120347,2.9154585059713782,2.376654076734283
141.9,-2.311563452332954,-2.577563887737661,2.920520841385322,2.3799588547448374
142.0,-2.31519271074311,-2.5757640069073897,2.9255882565555247,2.3832676602759397
142.1,-2.318828686349911,-2.5739598554939205,2.930660746212058,2.386580487729982
142.20000000000002,-2.3224766443808966,-2.5721522229298897,2.935738304790959,2.3898973313643945
142.29999999999998,-2.3261294895822964,-2.570354947487128,2.9408209265066168,2.3932181852336494
142.4,-2.329794584618964,-2.5685483479930444,2.9459086059812125,2.39654304361986
142.5,-2.3334742801529096,-2.566740104044837,2.9510013379509132,2.399871900843202
142.6,-2.337153937391057,-2.5649121782398994,2.9560991172463513,2.403204751234713
142.70000000000002,-2.3408269100747097,-2.563066993827154,2.9612019387957256,2.4065415892764443
142.79999999999998,-2.3445005977529925,-2.561219363434338,2.9663097973556782,2.409882409456411
142.9,-2.348169457857616,-2.5593693440134357,2.971422687624981,2.413227206187357
143.0,-2.3518425965436984,-2.557516812647993,2.976540604381117,2.416575973913632
143.1,-2.355517127618543,-2.5556621650565807,2.981663542500181,2.4199287071193947
143.2,-2.359199743446467,-2.5537944378393282,2.9867914967279865,2.423285400222459
143.29999999999998,-2.362885211428773,-2.551926887780606,2.9919244619139294,2.4266460477437835
143.4,-2.366583326462895,-2.5500487723159675,2.9970624331567692,2.4300106443527136
143.5,-2.370279979612678,-2.5481606450312704,3.002205405352805,2.4333791845760864
143.60000000000002,-2.3739780513966653,-2.5462675004591646,3.007353373164554,2.4367516629288084
143.7,-2.3776890362251093,-2.544388501396627,3.0125063314388867,2.440128074023753
143.79999999999998,-2.3813921767753654,-2.5424949865920494,3.017664275333211,2.443508412572072
143.9,-2.3851035318840053,-2.540605848039943,3.0228272000382117,2.446892673423618
144.0,-2.3888291094285017,-2.5387131691904323,3.027995100544455,2.450280851370263
144.10000000000002,-2.3925532676485184,-2.5368373470591816,3.0331679718404136,2.4536729410799913
144.2,-2.3962841891738584,-2.534938592924013,3.0383458091876228,2.4570689373528536
144.29999999999998,-2.400024380715215,-2.5330232983630125,3.043528607960637,2.4604688351245776
144.4,-2.403757115264239,-2.531093187155608,3.048716363474708,2.463872629364762
144.5,-2.407484949183613,-2.529152633289549,3.0539090708827876,2.467280315014462
144.60000000000002,-2.411221594903652,-2.527210428765979,3.059106725297544,2.470691887032128
144.7,-2.41495290589518,-2.5252689159906523,3.0643093219486226,2.4741073403721976
144.8,-2.4186929733613316,-2.523321213651126,3.0695168560150132,2.477526669946268
144.9,-2.4224189262288167,-2.5213803918688833,3.0747293226708563,2.4809498706751483
145.0,-2.4261507706579857,-2.519443782485624,3.0799467171751953,2.48437693754273
145.1,-2.429886508515585,-2.517497611836098,3.0851690348228953,2.487807865539874
145.2,-2.433625996520651,-2.515559915722914,3.0903962709791393,2.491242649756948
145.3,-2.4373643872315363,-2.513630731150924,3.095628421039403,2.4946812852901936
145.4,-2.441102097014903,-2.5117050875012423,3.100865480466116,2.4981237672592003
145.5,-2.444851297673867,-2.509780912192836,3.1061074450103465,2.5015700909995235
145.6,-2.44859857043424,-2.5078557638756864,3.1113543103996015,2.5050202517976925
145.7,-2.4523405098868274,-2.5059256112631063,3.1166060720636355,2.508474244781677
145.8,-2.4560754179377033,-2.5039939889837624,3.1218627256363987,2.5119320652978376
145.9,-2.4598249931663023,-2.502052731521905,3.1271242666172427,2.5153937087087077
146.0,-2.463577161655082,-2.5001258088309832,3.1323906902024152,2.51885917010785
146.1,-2.467320865931467,-2.4981856653600354,3.137661992157519,2.5223284449242653
146.2,-2.471073064239214,-2.4962544013524735,3.142938168354049,2.52580152876871
146.3,-2.474827295450811,-2.494327073134655,3.1482192143389436,2.5292784170031894
146.4,-2.478585807377767,-2.492395249341635,3.153505125857758,2.532759105058122
146.5,-2.4823456833272233,-2.4904677191329245,3.158795898649923,2.5362435883881536
146.6,-2.486118806411716,-2.488529279630985,3.1640915284375217,2.5397318624390435
146.7,-2.489905256783645,-2.4865836323696837,3.169392011220244,2.543223922827254
146.8,-2.4936990698342925,-2.4846292443598,3.1746973428250813,2.5467197650675817
146.9,-2.4975025593411577,-2.4826660086676324,3.1800075188379084,2.550219384538366
147.0,-2.501298586895848,-2.4807008616980717,3.1853225351664642,2.5537227768579767
147.1,-2.5050927340786227,-2.4787370663114725,3.1906423878772197,2.5572299378307766
147.2,-2.5088929515734004,-2.476776849062697,3.1959670726307996,2.560740863059671
147.3,-2.512704408849749,-2.4748244971557947,3.2012965852490187,2.564255548224922
147.4,-2.5165259724264137,-2.4728669302281348,3.206630922013809,2.5677739892840745
147.5,-2.520352427438109,-2.470916915895567,3.211970078884675,2.5712961820110407
147.6,-2.5241834220659918,-2.46896315460712,3.217314051731014,2.5748221221479968
147.7,-2.5280150061489994,-2.4670141388044513,3.222662836752121,2.578351805618445
147.8,-2.5318516192741307,-2.4650456143966695,3.2280164299676994,2.58188522824834
147.89999999999998,-2.5356917080472052,-2.4630780729579445,3.23337482715006,2.585422385748817
148.0,-2.539537977786168,-2.4611071673499816,3.238738024303749,2.5889632739555353
148.1,-2.5433854448617055,-2.459136252393781,3.2441060176455374,2.592507888761963
148.20000000000002,-2.547233939038999,-2.4571676416010457,3.2494788032220034,2.596056225931074
148.3,-2.55107459887751,-2.455202335342006,3.2548563768838523,2.599608281112619
148.39999999999998,-2.554919079799989,-2.4532455582509636,3.26023873488022,2.6031640502643483
148.5,-2.5587719994307587,-2.4512822631426654,3.265625873705771,2.6067235294916165
148.6,-2.5626261639228995,-2.4493107041538282,3.271017789699651,2.6102867148658304
148.70000000000002,-2.5664828117361447,-2.447342763586851,3.2764144791403425,2.613853602568552
148.8,-2.5703411938366942,-2.4453833353019756,3.2818159381099226,2.617424188651439
148.89999999999998,-2.5742031069131794,-2.443416629551364,3.2872221628104064,2.620998469183545
149.0,-2.578074421944985,-2.441437060952357,3.2926331495880334,2.6245764403609217
149.1,-2.581948098296757,-2.4394532469364547,3.2980488945127355,2.6281580982239534
149.20000000000002,-2.58581840685194,-2.4374652075025014,3.303469393549854,2.631743438756723
149.3,-2.5897005198041505,-2.4354754360649538,3.308894643012296,2.635332458183141
149.4,-2.5935889825407124,-2.43347781757544,3.3143246395505206,2.6389251529034015
149.5,-2.5974820678859345,-2.431476378453589,3.319759379785591,2.6425215192799363
149.6,-2.6013676934116754,-2.4294691359840153,3.325198860086668,2.6461215535503277
149.70000000000002,-2.6052690344838005,-2.4274562790672602,3.3306430766489425,2.6497252518994974
149.79999999999998,-2.6091695151797927,-2.4254415193328076,3.336092025745274,2.6533326105080235
149.9,-2.613067958041167,-2.4234275710645004,3.3415457039315752,2.6569436257026857
150.0,-2.6169722286337995,-2.421402600857819,3.347004107881121,2.6605582939232892
150.1,-2.620885957928215,-2.4193801970398052,3.3524672340752697,2.6641766114850363
150.20000000000002,-2.624803184862762,-2.417349858339486,3.357935078882108,2.667798574595398
150.29999999999998,-2.628728837740415,-2.4153137563856952,3.3634076386450076,2.6714241794851334
150.4,-2.632643345212492,-2.41328289118241,3.3688849098345077,2.675053422496295
150.5,-2.6365536365524225,-2.4112397519084636,3.3743668892242518,2.6786863002894576
150.6,-2.640469626529613,-2.4091998087405306,3.37985357359191,2.682322809695195
150.7,-2.644381927394131,-2.4071634224797314,3.3853449595155176,2.6859629474369986
150.79999999999998,-2.648302281813475,-2.405112019945353,3.390841043594387,2.689606710273842
150.9,-2.652213884757646,-2.403053942845903,3.396341822600397,2.6932540951707122
151.0,-2.65613201978177,-2.400988329748962,3.4018472933338297,2.6969050992847925
151.10000000000002,-2.660067454957933,-2.3989361184322706,3.4073574526205683,2.700559719765307
151.2,-2.664011653001822,-2.3968833587602987,3.412872297510737,2.704217953667444
151.29999999999998,-2.6679515100758002,-2.3948254026906284,3.4183918249700875,2.707879797891734
151.4,-2.6719053264405788,-2.3927660138772,3.4239160316570594,2.711545249131791
151.5,-2.675843068389648,-2.390701819461372,3.429444914332542,2.715214304022251
151.60000000000002,-2.6797827226676225,-2.3886364032160476,3.434978469936139,2.7188869593299954
151.7,-2.6837149128737714,-2.3865694453674178,3.440516695290109,2.722563211740737
151.79999999999998,-2.6876453362056285,-2.384503951057824,3.4460595871536674,2.726243057888765
151.9,-2.691574176375271,-2.382426847527387,3.451607142242941,2.7299264944501713
152.0,-2.69550760440087,-2.380352059057323,3.4571593570585524,2.733613518089534
152.10000000000002,-2.699436394965288,-2.378287546691606,3.462716228192735,2.737304125559713
152.2,-2.703378629860722,-2.376211659041168,3.468277752291978,2.740998313668787
152.3,-2.7073323847226707,-2.374133355514611,3.473843926133096,2.7446960793168516
152.4,-2.7112824604048895,-2.3720493911628604,3.4794147469395575,2.7483974197028815
152.5,-2.715233514252818,-2.3699737123033633,3.484990212095962,2.752102332079192
152.6,-2.719164481106715,-2.367885600900036,3.4905703186310406,2.7558108134209003
152.7,-2.723106033053899,-2.365798638512124,3.4961550631644522,2.759522860548219
152.8,-2.727062085498929,-2.3637056426498777,3.5017444427029227,2.7632384704985737
152.9,-2.7310145999181255,-2.3616153219121596,3.5073384544695045,2.7669576403496285
153.0,-2.73496482399216,-2.3595230761980606,3.5129370953275405,2.7706803670210163
153.1,-2.7389197614718306,-2.3574285507621604,3.5185403621947544,2.77440664754529
153.2,-2.7428766006428935,-2.355330408464713,3.524148252207732,2.7781364791706076
153.3,-2.746835191131244,-2.353242571700942,3.529760762570484,2.7818698592396354
153.4,-2.750811597444186,-2.351146811823623,3.535377890415138,2.785606785053343
153.5,-2.754797383729429,-2.349052043333672,3.5409996327122517,2.7893472537432102
153.6,-2.758779744061075,-2.346952095081584,3.546625986527901,2.79309126249127
153.7,-2.762760637560102,-2.3448499522511543,3.552256948967653,2.7968388085742535
153.8,-2.766745062751078,-2.342749186671174,3.5578925170629927,2.8005898892716354
153.9,-2.7707354766922374,-2.3406484712003253,3.56353268783576,2.8043445017879622
154.0,-2.7747115965958695,-2.338548633357765,3.5691774584594578,2.8081026433250083
154.1,-2.778693010123801,-2.3364300193002663,3.574826826296231,2.8118643112647623
154.2,-2.7826768984686976,-2.3343136900690373,3.5804807884201812,2.8156295028235765
154.3,-2.7866698624917454,-2.3321980596833387,3.586139341647581,2.8193982149512546
154.4,-2.790666852598145,-2.3300783461203256,3.5918024829240163,2.8231704445516397
154.5,-2.794660693383912,-2.3279597821951254,3.597470209403694,2.8269461886883973
154.6,-2.798663311936913,-2.325844335744124,3.6031425184510435,2.8307254446403487
154.7,-2.802667737135127,-2.323731490124624,3.608819407463409,2.834508209710954
154.8,-2.8066781780383354,-2.3216095655401014,3.6145008736764,2.8382944812141124
154.9,-2.8106988649856635,-2.3194891995030775,3.6201869143726433,2.8420842566677704
155.0,-2.8147275246310026,-2.31736911183775,3.625877526845656,2.8458775336852544
155.1,-2.8187607622053865,-2.315252411681069,3.6315727083994296,2.8496743099424244
155.2,-2.822805053021602,-2.313136338766723,3.6372724565076773,2.8534745832896977
155.3,-2.826845136223929,-2.3110314256966062,3.6429767686259407,2.8572783515277256
155.39999999999998,-2.8308772205378494,-2.308929192699565,3.648685642307802,2.861085612536034
155.5,-2.8349164746086326,-2.306835381322643,3.6543990750866224,2.8648963641672878
155.6,-2.8389502471408616,-2.3047338334611225,3.660117064417171,2.8687106041406936
155.70000000000002,-2.842999875669454,-2.3026244602077983,3.6658396078902546,2.872528330300386
155.8,-2.8470529649607554,-2.3005177432090425,3.6715667029216306,2.8763495403544432
155.89999999999998,-2.8511051172781556,-2.298421835547985,3.6772983466549167,2.880174231746113
156.0,-2.8551511397459017,-2.296330362152464,3.6830345364869865,2.884002402061559
156.1,-2.8592048143034425,-2.2942448341560318,3.6887752700665652,2.887834049074198
156.20000000000002,-2.8632515681282493,-2.2921607213522717,3.694520544884579,2.8916691704389175
156.3,-2.867295299601215,-2.2900763607947963,3.700270358273307,2.8955077638288946
156.39999999999998,-2.8713368662810956,-2.288010076414767,3.706024707659911,2.8993498271069544
156.5,-2.8753910466911203,-2.2859503412650253,3.71178359075537,2.9031953583223995
156.6,-2.87945055832129,-2.283899935708524,3.717547005220042,2.907044355389234
156.70000000000002,-2.883510521811929,-2.2818424167475437,3.7233149484903993,2.910896816078921
156.8,-2.887576177562859,-2.279789482342744,3.7290874181442275,2.9147527383121608
156.9,-2.891650275578173,-2.277729930314041,3.734864411884219,2.9186121201136714
157.0,-2.895725445393188,-2.27568360170774,3.74064592740668,2.922474959444943
157.1,-2.899797847500183,-2.2736299539822857,3.746431962379161,2.9263412542240945
157.20000000000002,-2.9038613123003527,-2.2715828548026185,3.7522225144155463,2.93021100239343
157.29999999999998,-2.907925280031987,-2.2695425970454246,3.7580175811581378,2.934084201993606
157.4,-2.912003661729117,-2.2675033172999166,3.7638171601597707,2.937960850925813
157.5,-2.9160894245597593,-2.265454574897099,3.7696212489525864,2.941840947011146
157.6,-2.9201745681899056,-2.2634180258301737,3.7754298451973134,2.9457244881621296
157.70000000000002,-2.92426970818834,-2.2613801283070516,3.781242946622548,2.9496114723099915
157.79999999999998,-2.9283643155225207,-2.2593438955543164,3.787060550896676,2.9535018972921203
157.9,-2.9324640349002316,-2.2573038259263405,3.7928826557156943,2.9573957610474313
158.0,-2.9365649346031595,-2.255267269046953,3.798709258928787,2.961293061725382
158.1,-2.940679231118009,-2.2532376788943056,3.804540358340683,2.9651937974797136
158.2,-2.9447869303482546,-2.251202045319741,3.8103759519094225,2.9690979665308874
158.29999999999998,-2.9488985542333905,-2.2491637303493732,3.8162160377075494,2.9730055672938875
158.4,-2.953006891194815,-2.247128929308914,3.8220606134179045,2.9769165979849426
158.5,-2.9571132690653203,-2.2450978900984233,3.827909676458301,2.980831056611853
158.60000000000002,-2.961208770370135,-2.2430672417820072,3.8337632244800064,2.9847489413508046
158.7,-2.9652959975763564,-2.24105039337953,3.8396212555203624,2.9886702507293745
158.79999999999998,-2.969392512548466,-2.2390448994176673,3.845483767924186,2.9925949834387806
158.9,-2.973490164578326,-2.2370266403725863,3.8513507599454933,2.9965231380140516
159.0,-2.9775965440173997,-2.235007255324376,3.857222229395572,3.000454712784896
159.10000000000002,-2.981705361393157,-2.2329915034721064,3.863098174012973,3.00438970603053
159.2,-2.985817087689043,-2.2309679636852704,3.8689785917212105,3.0083281161069553
159.29999999999998,-2.989927470577603,-2.228945923458142,3.8748634806609052,3.012269941534659
159.4,-2.994044130910705,-2.2269125614905265,3.8807528389924992,3.016215180907237
159.5,-2.998171948047985,-2.2248786244123653,3.886646664642988,3.0201638327110496
159.60000000000002,-3.002306490205952,-2.222848087898224,3.892544955467705,3.024115895389661
159.7,-3.0064491994166254,-2.2208226030141063,3.8984477093977876,3.0280713674066284
159.8,-3.010606040287502,-2.2187929453069315,3.9043549246027696,3.0320302473449185
159.9,-3.0147614051098643,-2.2167594965877098,3.910266599414061,3.035992533851479
160.0,-3.0189117572524373,-2.2147228725330996,3.916182731907374,3.0399582254886215
160.1,-3.0230657765703626,-2.2126957446530646,3.922103319964299,3.043927320737307
160.2,-3.027219663277477,-2.2106701157559314,3.928028361725088,3.047899818212393
160.3,-3.031395662827351,-2.208646145802844,3.933957855378888,3.0518757165371984
160.4,-3.0355661879352462,-2.206627737514007,3.939891799078526,3.0558550141961263
160.5,-3.039733299153548,-2.2046078501234603,3.945830191067661,3.0598377097688645
160.6,-3.043913904360452,-2.202594730787247,3.951773029442669,3.063823801793204
160.7,-3.048089708972205,-2.200589215055446,3.957720312056132,3.06781328854245
160.8,-3.0522715753979455,-2.1985794080418204,3.9636720368094935,3.071806168332688
160.9,-3.056471150546221,-2.196562385529924,3.9696282018812927,3.075802439746041
161.0,-3.0606617422845854,-2.19456129782897,3.975588805397729,3.0798021013241765
161.1,-3.064856340959159,-2.1925632526424206,3.9815538454747217,3.083805151606686
161.2,-3.069066961611566,-2.190550782373489,3.987523320238118,3.087811589144402
161.3,-3.0732751238182874,-2.188544565808209,3.9934972278653365,3.091821412503155
161.4,-3.077489259884354,-2.1865268175320445,3.999475566826103,3.0958346204406433
161.5,-3.0817092385869933,-2.1844989907269077,4.005458335393736,3.0998512116566976
161.6,-3.0859422225621334,-2.18248425872692,4.0114455315459585,3.1038711847067453
161.7,-3.090173810641518,-2.180465456736665,4.01743715341698,3.1078945382023644
161.8,-3.0944023643136824,-2.178453643263216,4.023433199254361,3.1119212709804485
161.9,-3.098637691949544,-2.1764585975818,4.0294336674070435,3.1159513820918248
162.0,-3.102876605899495,-2.1744630019837676,4.035438556356347,3.119984870672422
162.1,-3.1071285946345664,-2.172465165520309,4.041447864589011,3.124021735924835
162.2,-3.1113843434652466,-2.170462942503759,4.0474615908918805,3.1280619772903195
162.3,-3.115639657518428,-2.168463170942231,4.053479734105867,3.1321055942425557
162.4,-3.119883956691436,-2.166469291851548,4.059502292633726,3.136152585932272
162.5,-3.124119686693197,-2.1644815461427687,4.065529264800296,3.1402029514223897
162.6,-3.128358066716807,-2.162491324951559,4.071560649103856,3.1442566898580577
162.7,-3.132600335930897,-2.160499366891245,4.077596444002248,3.1483138003448103
162.8,-3.136850538125033,-2.1585209020307756,4.083636647888303,3.1523742819257734
162.89999999999998,-3.1411136647300415,-2.156550909387789,4.089681259302382,3.1564381335757776
163.0,-3.145376567223316,-2.154573037649319,4.095730276800218,3.1605053541386714
163.1,-3.1496469714347017,-2.15259639649629,4.101783698782147,3.1645759423484225
163.20000000000002,-3.1539206576651586,-2.150607525908028,4.107841523703475,3.168649896883332
163.3,-3.1581859066564437,-2.1486027121134925,4.11390374993453,3.17272721639244
163.39999999999998,-3.1624544759696485,-2.146608300645689,4.119970375714903,3.176807899590772
163.5,-3.1667374549936347,-2.1446121457140648,4.126041399382479,3.180891945201921
163.6,-3.171011544237153,-2.1426096580622147,4.132116819337428,3.1849793519805583
163.70000000000002,-3.175290176656985,-2.1406222081653694,4.138196634055364,3.189070118911797
163.8,-3.179580184349407,-2.1386352716284343,4.144280842019937,3.1931642449899407
163.89999999999998,-3.183875186340728,-2.136653206935861,4.150369441784536,3.197261729204852
164.0,-3.188177305602706,-2.1346760631118173,4.156462431901923,3.201362570564403
164.1,-3.192471094022236,-2.132712067364808,4.162559810879514,3.2054667679647793
164.20000000000002,-3.1967751270704032,-2.1307320489088384,4.16866157737475,3.209574320398154
164.3,-3.2010800914763804,-2.1287456501178443,4.174767729874556,3.2136852267934892
164.4,-3.205384103306614,-2.126763201967477,4.180878266822885,3.217799486126831
164.5,-3.2096903913507644,-2.12477767364323,4.186993186766541,3.2219170975196914
164.6,-3.2140187291083855,-2.1228016737924924,4.193112488241606,3.2260380600989698
164.70000000000002,-3.2183464029802726,-2.120812959530412,4.199236170116191,3.2301623731230316
164.79999999999998,-3.2226704118659635,-2.1188190574822343,4.205364231352771,3.234290036022317
164.9,-3.226993871774451,-2.1168320076267375,4.211496670680218,3.2384210482004807
165.0,-3.23132134925842,-2.114847395611082,4.217633486795835,3.2425554089853645
165.1,-3.2356482153456234,-2.112863232653576,4.223774678460392,3.2466931177142726
165.20000000000002,-3.239985731787734,-2.110886237864102,4.229920244297596,3.2508341736355413
165.29999999999998,-3.2443334190895703,-2.108906823924297,4.236070183037544,3.2549785759782375
165.4,-3.2486816937323293,-2.1069259793016752,4.2422244937018165,3.259126324083689
165.5,-3.2530264934843056,-2.104938166296746,4.248383175219052,3.2632774172603667
165.6,-3.2573896467227845,-2.1029402418118903,4.254546226101516,3.2674318546197485
165.7,-3.2617680033916954,-2.1009445626440666,4.260713644559416,3.271589635048949
165.79999999999998,-3.2661506358253845,-2.0989592790589793,4.266885429212369,3.2757507576004183
165.9,-3.2705377355381233,-2.096971601614638,4.273061579188248,3.279915221578399
166.0,-3.274919472879737,-2.0949798443484404,4.279242093394332,3.284083026081722
166.10000000000002,-3.279282728409515,-2.092977947862351,4.285426970516056,3.2882541701393864
166.2,-3.2836558583059903,-2.090975058850442,4.291616209306443,3.2924286529420117
166.29999999999998,-3.2880076294197544,-2.0889735189806737,4.297809808465946,3.2966064736543337
166.4,-3.292375884981595,-2.0869767253250098,4.30400776656869,3.300787631495649
166.5,-3.2967440859561044,-2.0849914539560412,4.310210082358197,3.304972125796927
166.60000000000002,-3.301117952237755,-2.0830145767633756,4.316416755078417,3.3091599562121266
166.7,-3.30548698529485,-2.0810436452322296,4.322627783954703,3.31335112240672
166.79999999999998,-3.309857261805955,-2.079084412043181,4.328843167858698,3.3175456238548535
166.9,-3.314231352318844,-2.077133959960491,4.335062905627558,3.3217434599839146
167.0,-3.318599509463561,-2.0751985143825347,4.341286996137746,3.3259446302193627
167.10000000000002,-3.322993906937489,-2.073271373302397,4.347515438360069,3.3301491340312452
167.2,-3.3273940888825955,-2.071341486245337,4.353748231278738,3.3343569707296687
167.3,-3.331793925421747,-2.0694018283801374,4.359985373960875,3.3385681396765357
167.4,-3.336195526759012,-2.0674560006473763,4.3662268655371586,3.3427826403387897
167.5,-3.340593194279143,-2.06550384319057,4.372472704728998,3.3470004718848902
167.6,-3.344979780951139,-2.0635509497791156,4.3787228901483655,3.351221633380216
167.7,-3.3493616528529713,-2.061596804769292,4.384977420679013,3.355446124141156
167.8,-3.3537615235836156,-2.0596575867336444,4.391236295231399,3.3596739435459946
167.9,-3.3581711502245306,-2.0577347038953846,4.397499512920124,3.3639050910135415
168.0,-3.362588707715033,-2.055823165231972,4.403767072778107,3.368139565896994
168.1,-3.3670175823120396,-2.053925186496486,4.410038973656179,3.372377367445052
168.2,-3.371445044696592,-2.052013207897154,4.416315214588077,3.376618495100251
168.3,-3.3758688995469672,-2.0501220850452104,4.422595794574682,3.380862948420454
168.4,-3.3802900065496013,-2.0482353116713616,4.428880712714256,3.3851107270366487
168.5,-3.3847197466205463,-2.0463451053944857,4.435169968203633,3.389361830577316
168.6,-3.389144966272065,-2.0444573767954957,4.441463560298487,3.3936162586497223
168.7,-3.3935675380885786,-2.0425620728224074,4.447761488153632,3.397874010767794
168.8,-3.3979952850755444,-2.0406693685616792,4.454063750662193,3.4021350862511137
168.9,-3.402419378422425,-2.038778911268577,4.460370346902505,3.4063994844843686
169.0,-3.4068421531852673,-2.036896531574801,4.466681276107156,3.4106672048984743
169.1,-3.4112602372931966,-2.0350081198069843,4.472996537441291,3.4149382468582252
169.2,-3.4156716113339263,-2.0331185711446027,4.4793161298881845,3.4192126096462485
169.3,-3.4200834329779544,-2.0312225497719654,4.485640052313084,3.4234902925830046
169.4,-3.4244934551237383,-2.029343933730106,4.491968303747065,3.4277712951557775
169.5,-3.4289090468168464,-2.0274827130762985,4.498300883160399,3.4320556167692096
169.6,-3.433333937621338,-2.0256271657394955,4.504637789683312,3.436343256813157
169.7,-3.4377715747949695,-2.0237692285032174,4.510979022808715,3.4406342148592164
169.8,-3.44220853885785,-2.021918030056637,4.517324581635019,3.4449284901518946
169.9,-3.4466416868469647,-2.0200748666878168,4.523674465123518,3.449226081791176
170.0,-3.4510845609529985,-2.018236227511729,4.5300286724581404,3.453526988940868
170.1,-3.4555437563617826,-2.016379224018317,4.536387202389667,3.4578312104438282
170.2,-3.4599988016103227,-2.0145333699260166,4.542750053633906,3.46213874519882
170.3,-3.464467827430707,-2.0126972970928465,4.549117225329911,3.4664495924902603
170.39999999999998,-3.468924833979703,-2.010868638949384,4.555488716654734,3.4707637515773944
170.5,-3.4733786791494285,-2.009027873014097,4.5618645268353895,3.4750812219299734
170.6,-3.477833707477711,-2.007191554616683,4.568244655070328,3.479402003201192
170.70000000000002,-3.482309162607683,-2.005354612792059,4.574629100536351,3.483726095065881
170.8,-3.4867853214008155,-2.0035128980227963,4.58101786268265,3.4880534973035533
170.89999999999998,-3.4912634173510955,-2.00168201119351,4.587410941055392,3.4923842097598508
171.0,-3.495744737150931,-1.999846082679277,4.593808335027372,3.49671823213061
171.1,-3.5002257470061955,-1.9980149897250559,4.600210043663019,3.501055563894739
171.20000000000002,-3.5047033075004035,-1.9961941082189767,4.6066160661281135,3.505396204605204
171.3,-3.509169850980241,-1.9943744275042592,4.613026401960484,3.5097401540461854
171.39999999999998,-3.5136374988838237,-1.9925495034239729,4.619441050528112,3.514087411974024
171.5,-3.518107996119314,-1.9907250306811988,4.625860011027302,3.51843797807645
171.6,-3.522587799556631,-1.9888977302567434,4.632283282757302,3.5227918520850485
171.70000000000002,-3.527068671951624,-1.9870772845031053,4.638710865039816,3.5271490336265963
171.8,-3.531543712404546,-1.9852575220974111,4.6451427571546375,3.5315095221756465
171.9,-3.536014540984577,-1.9834430853582672,4.651578958327981,3.535873317080294
172.0,-3.5404876996791117,-1.98163321178501,4.658019467827177,3.540240417620152
172.1,-3.544964976664359,-1.9798197532231654,4.664464284849105,3.5446108229472375
172.20000000000002,-3.5494504185669653,-1.978007038176533,4.67091340851754,3.5489845321647238
172.29999999999998,-3.5539424471668517,-1.9761916786891653,4.67736683793952,3.5533615444046425
172.4,-3.558438657185764,-1.9743797992039605,4.683824572329646,3.5577418589618715
172.5,-3.5629350069619106,-1.9725837414985452,4.690286611026519,3.562125475287289
172.6,-3.567438886110922,-1.9707891320879511,4.696752953444502,3.5665123929120726
172.70000000000002,-3.571947780120439,-1.968995106529804,4.703223599194696,3.570902611512697
172.79999999999998,-3.57645422064082,-1.9671998119630227,4.709698547710762,3.5752961306745297
172.9,-3.5809513323075106,-1.9654077697700865,4.716177798185154,3.579692949860303
173.0,-3.58545414828576,-1.963627501979555,4.7226613498826175,3.5840930685999384
173.1,-3.5899684948668398,-1.9618542134661137,4.729149202085345,3.5884964863440567
173.2,-3.594485131129593,-1.960092264701875,4.7356413540853595,3.592903202396264
173.29999999999998,-3.5989988493027365,-1.9583149284969263,4.742137805426742,3.5973132162231694
173.4,-3.603525913917739,-1.9565340918968668,4.748638555680241,3.6017265274306807
173.5,-3.6080514662997976,-1.9547559772751617,4.755143604112252,3.606143135486641
173.60000000000002,-3.6125750943382595,-1.952991525221771,4.761652950041033,3.610563039905512
173.7,-3.6170855157110453,-1.9512327644831216,4.768166593116998,3.6149862404405337
173.79999999999998,-3.6215970734225356,-1.9494788845887452,4.774684532905738,3.6194127368624196
173.9,-3.626112758642624,-1.947734166058107,4.781206768710108,3.623842528771894
174.0,-3.630628581489273,-1.9459968050006349,4.787733299913603,3.6282756157572593
174.10000000000002,-3.6351459917966853,-1.9442669903506753,4.794264125995532,3.632711997380207
174.2,-3.6396572296877805,-1.9425290793960004,4.800799246368448,3.6371516730819016
174.29999999999998,-3.6441721219753656,-1.940782323633268,4.807338660464444,3.64159464236798
174.4,-3.648682966236651,-1.9390485232221437,4.81388236776321,3.646040904790683
174.5,-3.6531897468665573,-1.9373224632895518,4.820430367736142,3.650490459869626
174.60000000000002,-3.6577097469691164,-1.935600276173349,4.826982659613541,3.65494330700193
174.7,-3.6622276432698566,-1.9339005499174673,4.833539242570306,3.659399445531636
174.8,-3.6667517503277116,-1.9322024398985627,4.840100116341794,3.6638588751349195
174.9,-3.671280399839875,-1.9304899306428096,4.846665280845271,3.6683215956292536
175.0,-3.6758073434738088,-1.9287863873681053,4.853234735679598,3.672787606723167
175.1,-3.6803356944011236,-1.9271040098944265,4.859808480226284,3.677256907931551
175.2,-3.684865155419737,-1.9254237785260748,4.86638651385939,3.6817294986263858
175.3,-3.6894113314007533,-1.9237460950758913,4.87296883607005,3.6862053782043622
175.4,-3.6939660297865298,-1.9220632091802414,4.879555446335262,3.6906845460214184
175.5,-3.6985268204728037,-1.9203891685606722,4.886146344185513,3.695167001463249
175.6,-3.7030864131471946,-1.9187228289364455,4.89274152921824,3.699652743948655
175.7,-3.707650969605724,-1.9170559972116086,4.899341000733851,3.7041417727347214
175.8,-3.712219257772648,-1.915397943933454,4.905944757939905,3.70863408709313
175.9,-3.716797147916626,-1.9137432433656356,4.91255280042135,3.7131296866132772
176.0,-3.7213689018153544,-1.912097829026918,4.919165127942113,3.7176285710424435
176.1,-3.7259451988751136,-1.9104599709895902,4.925781740223612,3.722130740215864
176.2,-3.730535100560771,-1.9088361874288595,4.932402636842792,3.7266361938844534
176.3,-3.7351274047023857,-1.9072192176933116,4.93902781720729,3.7311449316214325
176.4,-3.7397183937937712,-1.9056140308726803,4.945657280818536,3.7356569529874344
176.5,-3.7443052192363453,-1.9039982702912839,4.95229102745648,3.740172257682873
176.6,-3.7488918936097524,-1.9023775076890928,4.958929057090579,3.7446908455440706
176.7,-3.753466875692709,-1.9007629284605512,4.9655713695398145,3.749212716308402
176.8,-3.7580533323352254,-1.8991490908912647,4.972217964292399,3.7537378694678987
176.9,-3.7626354827561723,-1.8975404813529115,4.978868840679062,3.7582663042787683
177.0,-3.767208685215354,-1.895921627092929,4.985523998020077,3.762798019966434
177.1,-3.771774429977735,-1.894306964570002,4.992183435851853,3.767333015900422
177.2,-3.7763439220500805,-1.8926781997208477,4.998847153788266,3.77187129148601
177.3,-3.780912015371121,-1.891047782182358,5.005515151204891,3.776412845938721
177.4,-3.7854792241920516,-1.8894231055966213,5.012187427455837,3.780957678479294
177.5,-3.7900483148307442,-1.8878053233193544,5.0188639819899485,3.785505788366075
177.6,-3.794627591915835,-1.8861861573273877,5.025544814430911,3.7900571749653733
177.7,-3.799200017764648,-1.884563804735458,5.032229924727141,3.7946118378844584
177.8,-3.803773935308675,-1.8829405652207745,5.038919312671017,3.799169776734763
177.89999999999998,-3.8083448815544054,-1.8813202335635006,5.045612977650135,3.80373099089194
178.0,-3.8129243970133833,-1.8796979577043111,5.052310919042571,3.8082954797287374
178.1,-3.8175000942546067,-1.8780764890426833,5.059013136500986,3.8128632427538633
178.20000000000002,-3.822072596054044,-1.876453958737774,5.065719629877665,3.817434279594259
178.3,-3.8266531457213806,-1.8748244943432486,5.0724303988395025,3.822008589795861
178.39999999999998,-3.8312577715873988,-1.8732069016800186,5.079145443002676,3.826586172881811
178.5,-3.8358658248602153,-1.8716023740669139,5.085864762150632,3.8311670284008885
178.6,-3.840481154268348,-1.8700097102598687,5.092588355805887,3.8357511557139796
178.70000000000002,-3.8451080447674135,-1.8684226840189342,5.0993162234285005,3.8403385541739388
178.8,-3.84974250151003,-1.866842114893325,5.106048364829935,3.8449292233667824
178.89999999999998,-3.8543691395111543,-1.8652613219136371,5.112784779983055,3.8495231629752986
179.0,-3.8589897590052322,-1.86366806444539,5.1195254688079155,3.854120372754517
179.1,-3.863614286818269,-1.862080795499205,5.126270431090342,3.8587208524713286
179.20000000000002,-3.86825393788751,-1.860481824705721,5.133019666467689,3.8633246018387823
179.3,-3.872911899153078,-1.8588874853359194,5.139773174610719,3.8679316205970387
179.4,-3.877571477657928,-1.8573019399323176,5.146530955408723,3.87254190860991
179.5,-3.882242085976642,-1.855724666847994,5.153293008740364,3.877155465645514
179.6,-3.886919150462929,-1.8541383295069274,5.160059334425854,3.8817722913045687
179.70000000000002,-3.891593693350115,-1.8525460011110526,5.166829932258028,3.886392385101598
179.79999999999998,-3.8962663530190227,-1.8509611166512132,5.1736048018986995,3.8910157463973305
179.9,-3.900941810930869,-1.849372136086741,5.180383942878705,3.8956423743484714
180.0,-3.905615894910125,-1.847785938333876,5.187167354588739,3.9002722679381128
180.1,-3.910294879533551,-1.8461964900543177,5.193955036407398,3.904905426172036
180.20000000000002,-3.914977669622591,-1.8446128588487112,5.200746987750227,3.9095418481089528
180.29999999999998,-3.9196633515826504,-1.843026409938534,5.207543208196114,3.914181532997683
180.4,-3.9243515948738827,-1.8414441831388042,5.214343697415965,3.9188244802441217
180.5,-3.929025868262318,-1.839867647601025,5.221148455068742,3.923470689343321
180.6,-3.933713236979067,-1.8382934303973388,5.22795748116969,3.928120160124196
180.7,-3.9384004304990445,-1.8367143188978086,5.2347707758873305,3.9327728925109344
180.79999999999998,-3.9430859663591304,-1.8351337330889193,5.24158833906238,3.937428886251216
180.9,-3.947767205917063,-1.8335580211937048,5.248410170432761,3.9420881410256694
181.0,-3.952439233637921,-1.8319782186402178,5.255236269933097,3.9467506566551633
181.10000000000002,-3.957121976942668,-1.8304125545091474,5.262066637380268,3.951416432875255
181.2,-3.96180401519279,-1.828839575740116,5.268901272445815,3.9560854692401626
181.29999999999998,-3.9664988082992294,-1.8272611602497726,5.275740174913025,3.960757765416896
181.4,-3.9712107908825467,-1.82568889310603,5.282583344521144,3.965433321079217
181.5,-3.975920644111133,-1.8241233739784755,5.289430781207026,3.970112135935392
181.60000000000002,-3.980630872566605,-1.822548980315212,5.296282485056828,3.974794209830765
181.7,-3.985344383719999,-1.8209938152256342,5.30313845597363,3.979479542497597
181.79999999999998,-3.9900523558532237,-1.819437915769491,5.309998693851508,3.984168133588378
181.9,-3.9947712769317016,-1.8178827541029619,5.316863198494524,3.9888599826599327
182.0,-3.9994795533590266,-1.8163371449421153,5.323731969406046,3.993555089027392
182.10000000000002,-4.004194535624457,-1.8147984199353482,5.3306050061707895,3.9982534520544832
182.2,-4.008930786619717,-1.81326556673259,5.337482308760547,4.0029550712897795
182.3,-4.013667112091237,-1.8117256111936433,5.3443638769141675,4.007659946052491
182.4,-4.018400550659595,-1.8101892359097635,5.351249710075908,4.01236807553861
182.5,-4.023147664768062,-1.8086565238716064,5.3581398079041564,4.017079459168511
182.6,-4.027893388621808,-1.807129963607611,5.365034170167147,4.021794096399125
182.7,-4.0326446287949596,-1.805600300745616,5.371932796734828,4.026511986820694
182.8,-4.037398166427706,-1.8040793651741829,5.3788356876174035,4.031233130156675
182.9,-4.042159638425057,-1.8025588529476368,5.385742842837949,4.035957526126915
183.0,-4.046918827142127,-1.8010312396494748,5.392654262192192,4.0406851742636585
183.1,-4.051672134236974,-1.7995045164856578,5.399569945170277,4.045416073929974
183.2,-4.056424470988052,-1.7979799797096088,5.406489891536329,4.050150224706904
183.3,-4.061184561227774,-1.7964654896029149,5.413414101453649,4.054887626399693
183.4,-4.065945911201139,-1.7949487916126439,5.42034257487223,4.059628278593961
183.5,-4.070702194550843,-1.7934327570358324,5.427275311443893,4.064372180651699
183.6,-4.07545739548409,-1.7919190269155147,5.434212310949873,4.069119332029749
183.7,-4.08021563297744,-1.7904074733650708,5.441153573163804,4.073869732115928
183.8,-4.084972478793469,-1.7888932423587725,5.44809909774905,4.078623380151388
183.9,-4.089735232465381,-1.7873728660368724,5.4550488844860565,4.083380275461688
184.0,-4.094491551248381,-1.7858595834089823,5.462002933226147,4.0881404174239995
184.1,-4.099248442438975,-1.7843489162242219,5.4689612438929975,4.092903805495158
184.2,-4.104016784760576,-1.7828337028625758,5.475923816381472,4.097670439157175
184.3,-4.1087842610036205,-1.7813225841158795,5.482890650405543,4.102440317835854
184.4,-4.113558962293927,-1.7798225167982604,5.489861745553108,4.107213440925083
184.5,-4.118344444414054,-1.7783217470735302,5.496837101528604,4.11198980788627
184.6,-4.123130575545819,-1.7768312982820254,5.503816718231589,4.116769418284026
184.7,-4.127926437724429,-1.7753441797004934,5.510800595614715,4.121552271729635
184.8,-4.13272278719077,-1.7738721052450348,5.517788733659722,4.126338367774194
184.9,-4.137513111747645,-1.7724028853457499,5.5247811322295854,4.131127705837637
185.0,-4.142305408182334,-1.7709308884589037,5.531777790919783,4.1359202851855175
185.1,-4.147113554190983,-1.7694601561668353,5.5387787091971905,4.140716105039734
185.2,-4.151912796899518,-1.7679881010681466,5.54578388674336,4.145515164750241
185.3,-4.156706084919095,-1.7665189776106665,5.552793323423601,4.150317463869047
185.39999999999998,-4.161501251895159,-1.76505525232838,5.559807019183179,4.155123002049663
185.5,-4.1662904216228025,-1.763596760349983,5.566824974081617,4.15993177895136
185.6,-4.171078330180359,-1.762122186674806,5.57384718797569,4.164743794092978
185.70000000000002,-4.175854559187368,-1.7606547652006939,5.580873660672664,4.169559046948243
185.8,-4.180636467645111,-1.7591816267944227,5.58790439211224,4.174377537084423
185.89999999999998,-4.1854281028896265,-1.7577113072950192,5.59493938214229,4.179199263915943
186.0,-4.190214256554009,-1.7562346413096541,5.601978630483468,4.184024226754151
186.1,-4.194998127636689,-1.7547614229085313,5.609022136869346,4.188852424984045
186.20000000000002,-4.199776841294256,-1.7532897702672632,5.616069901357932,4.19368385825641
186.3,-4.2045498307857585,-1.7518029126339347,5.6231219239978,4.198518526314187
186.39999999999998,-4.209325850444129,-1.7503185142833821,5.630178204576978,4.203356428864692
186.5,-4.21410528684425,-1.7488293456519544,5.637238743109419,4.208197565835356
186.6,-4.2188800190684,-1.7473476702937625,5.6443035397021895,4.213041937189765
186.70000000000002,-4.223665334216481,-1.7458628996968337,5.651372594233599,4.217889542706372
186.8,-4.228455893293902,-1.7443739855302898,5.6584459065764365,4.222740382049151
186.9,-4.233256250795057,-1.742883740111424,5.66552347650102,4.227594454765567
187.0,-4.238057763748303,-1.7414086524088694,5.672605303590494,4.232451760158059
187.1,-4.242857094838557,-1.739935593457208,5.679691387845907,4.23731229768753
187.20000000000002,-4.247649870445341,-1.7384553579018698,5.686781729406539,4.242176066903495
187.29999999999998,-4.252467125112621,-1.7369769862647357,5.693876327866602,4.247043067085259
187.4,-4.2572893860874155,-1.7354942693595712,5.700975182796817,4.2519132975001614
187.5,-4.262122176075511,-1.734014185956916,5.708078294032201,4.256786757697109
187.6,-4.2669583714523585,-1.7325459954280353,5.7151856615950365,4.261663447389081
187.70000000000002,-4.271786155073403,-1.731067045630355,5.722297285570044,4.266543366362978
187.79999999999998,-4.2766143791567135,-1.7295886976573907,5.729413165917386,4.271426514420976
187.9,-4.281453496838411,-1.7281062004427092,5.736533302420211,4.276312891313639
188.0,-4.286301470972984,-1.7266345328614734,5.743657694863382,4.28120249671294
188.1,-4.291159044210122,-1.7251599483400533,5.750786343375916,4.286095330444021
188.2,-4.296012231746629,-1.7236955908684635,5.757919248028549,4.290991392167675
188.29999999999998,-4.300880189272184,-1.7222204713082558,5.765056408603057,4.295890681342201
188.4,-4.305740102463114,-1.7207618020443622,5.77219782498133,4.300793197417759
188.5,-4.31060084907275,-1.7193073146043445,5.779343496933926,4.305698939800426
188.60000000000002,-4.315475227933258,-1.7178570320032744,5.786493424068192,4.31060790781123
188.7,-4.320355455759548,-1.7164128920792046,5.793647606188861,4.315520100972316
188.79999999999998,-4.325224902013217,-1.7149810131095322,5.800806043292324,4.3204355189860495
188.9,-4.330090745644462,-1.7135503178971656,5.807968735535703,4.3253541617465325
189.0,-4.334958942748937,-1.7121196651679014,5.815135683043941,4.3302760291694655
189.10000000000002,-4.3398193302985,-1.7106889789913495,5.822306885599355,4.3352011209492
189.2,-4.34468460356572,-1.7092566014114126,5.829482342941545,4.340129436743087
189.29999999999998,-4.349565844137517,-1.7078067461204756,5.836662055082347,4.345060976369842
189.4,-4.354453716753292,-1.7063483546707003,5.8438460219019195,4.349995739555614
189.5,-4.359348628557971,-1.7048897310044673,5.851034243272033,4.3549337260548215
189.60000000000002,-4.3642501163701874,-1.7034338223416465,5.858226719305179,4.359874935790833
189.7,-4.369155438697213,-1.7019944132636229,5.865423449915327,4.364819368527648
189.8,-4.374062366879164,-1.7005624443397322,5.87262443486926,4.369767023858571
189.9,-4.378985117663688,-1.6991183515801895,5.8798296739451,4.374717901378664
190.0,-4.38391127453719,-1.697682104774489,5.887039167146198,4.379672000798145
190.1,-4.388824004807185,-1.6962384033143705,5.894252914762286,4.384629322011621
190.2,-4.393739757427381,-1.694799793541893,5.901470916529022,4.389589864582157
190.3,-4.398664869394197,-1.6933643016906939,5.908693171838543,4.394553627860999
190.4,-4.403584969329102,-1.6919306615555398,5.915919680727514,4.399520611629827
190.5,-4.40849516368559,-1.6905007150290348,5.923150443612548,4.404490816010381
190.6,-4.413411356665469,-1.6890649169876726,5.9303854607791004,4.409464241184037
190.7,-4.418348946021516,-1.6876420139686652,5.937624732176379,4.414440887173075
190.8,-4.423298797228506,-1.6862204210914271,5.944868257581603,4.419420753828132
190.9,-4.428235953839232,-1.6847915656264059,5.9521160368923915,4.4244038410674635
191.0,-4.433184910537759,-1.6833688124097592,5.959368070084625,4.429390148943082
191.1,-4.438131954187429,-1.6819430210625819,5.966624357285424,4.4343796775454
191.2,-4.443070678987733,-1.6805222336744452,5.973884898791994,4.439372427049612
191.3,-4.448020157638899,-1.679104036751033,5.981149694858968,4.444368397612056
191.4,-4.452973568683363,-1.6776807160413894,5.988418745418755,4.449367589134323
191.5,-4.4579265817686435,-1.676265355542984,5.9956920503793265,4.4543700015216885
191.6,-4.462880584309363,-1.6748530952564469,6.00296960982986,4.459375634825626
191.7,-4.467839843528414,-1.6734448866198184,6.010251423710565,4.464384488996791
191.8,-4.472797557119666,-1.672041976886599,6.017537492024978,4.469396564007472
191.9,-4.477754376940799,-1.6706325253379617,6.024827814837825,4.474411859874597
192.0,-4.482712439440311,-1.6692233208314198,6.032122392043723,4.479430376524077
192.1,-4.487671750292307,-1.667817534442,6.039421223577333,4.484452113929566
192.2,-4.492632215157846,-1.6664220569633041,6.046724309488384,4.4894770721276736
192.3,-4.497604158787556,-1.6650321483241057,6.054031649913759,4.4945052511773875
192.4,-4.5025783196892775,-1.663631688426827,6.061343245005114,4.499536651115675
192.5,-4.507550571083173,-1.6622277619445842,6.068659094689383,4.504571271865014
192.6,-4.512524380087769,-1.6608135420833967,6.075979198917568,4.5096091134125125
192.7,-4.517499759470294,-1.659391887108647,6.083303557876487,4.514650175928669
192.8,-4.522464786398523,-1.6579714787112598,6.090632171552583,4.519694459464866
192.89999999999998,-4.527435696323166,-1.656541231710953,6.097965039690446,4.5247419639841455
193.0,-4.53241579676746,-1.6551158211270518,6.105302162039218,4.529792689468176
193.1,-4.537389441009183,-1.6536854819607814,6.112643538518711,4.53484663604119
193.20000000000002,-4.542382401204007,-1.6522624577284661,6.119989169415687,4.539903804110983
193.3,-4.547372524816545,-1.650838318610369,6.127339055156689,4.54496419410776
193.39999999999998,-4.552360925466839,-1.649415346224542,6.134693195827269,4.550027806191411
193.5,-4.557339746810558,-1.6479923003459038,6.142051591315267,4.555094640359889
193.6,-4.562318293607123,-1.6465700134827828,6.149414241628913,4.5601646966772496
193.70000000000002,-4.56729407049518,-1.6451497069020253,6.156781146790355,4.565237975188368
193.8,-4.572281403456493,-1.6437236973330418,6.164152306778111,4.570314475934989
193.89999999999998,-4.577264638675726,-1.6422990964277662,6.171527721540216,4.575394198942557
194.0,-4.582253619989704,-1.640866129195273,6.178907391059461,4.580477144344047
194.1,-4.587237520453846,-1.6394313536277463,6.186291315282856,4.585563312326242
194.20000000000002,-4.592228111816028,-1.6380099974114026,6.193679494188132,4.590652703191452
194.3,-4.597222181600077,-1.6366008602975743,6.201071927967276,4.595745317350795
194.4,-4.602214415637241,-1.635195875243985,6.208468616833464,4.600841155189506
194.5,-4.607193701839376,-1.633797956477567,6.215869561005197,4.6059402170731625
194.6,-4.612170209617685,-1.632393277486103,6.223274760699564,4.6110425033705
194.70000000000002,-4.61716292300831,-1.6309762686985971,6.230684215999692,4.616148014340499
194.79999999999998,-4.622150992482754,-1.629546145601456,6.238097926893127,4.621256750150987
194.9,-4.627146203265809,-1.6281119676606797,6.245515893385517,4.626368711047923
195.0,-4.632149812967925,-1.626682115757236,6.252938115434057,4.631483897232281
195.1,-4.637155666175871,-1.6252451439107898,6.260364593091567,4.636602308971971
195.20000000000002,-4.6421529820503995,-1.6238161738729426,6.267795326535308,4.641723946672932
195.29999999999998,-4.647146152653374,-1.6223915658868788,6.275230315861818,4.646848810760356
195.4,-4.652141170964686,-1.6209666798070816,6.282669561048042,4.6519769016001185
195.5,-4.657146061434879,-1.6195356552334184,6.290113062019569,4.657108219608604
195.6,-4.662157923685235,-1.6181221686901452,6.297560818871928,4.662242765311988
195.7,-4.667163146720129,-1.616704154687678,6.305012831790104,4.667380539255916
195.79999999999998,-4.672164435856582,-1.6152901250310068,6.312469101101836,4.672521542073485
195.9,-4.677160443400689,-1.6138772164830435,6.31992962714903,4.677665774381355
196.0,-4.682163551108918,-1.612449858577991,6.3273944100564785,4.682813236582098
196.10000000000002,-4.6871452829261795,-1.6110136239083084,6.334863449846756,4.687963928956778
196.2,-4.692130186025528,-1.6095769103550979,6.342336746325014,4.693117851667191
196.29999999999998,-4.69711614523706,-1.6081319346838294,6.349814299412274,4.698275004901854
196.4,-4.702110006134125,-1.606696337125931,6.357296109358818,4.703435389041491
196.5,-4.707102451898267,-1.6052571186321818,6.364782176159597,4.708599004286463
196.60000000000002,-4.71209237387385,-1.6038208442011102,6.372272499519787,4.713765850689044
196.7,-4.717080074227561,-1.6023827527500993,6.379767079388609,4.718935928567884
196.79999999999998,-4.722068390208512,-1.600935509765489,6.387265915903382,4.724109238478054
196.9,-4.727049152665693,-1.5994878609126673,6.394769009231286,4.729285781127267
197.0,-4.732040049721405,-1.5980458804978968,6.402276359623767,4.734465557382137
197.10000000000002,-4.737036399913576,-1.5966026987214124,6.409787967320991,4.739648568079379
197.2,-4.74203232233292,-1.5951602833890648,6.417303832611034,4.744834814067181
197.3,-4.747040651277134,-1.593711197047189,6.424823955766619,4.750024296180632
197.4,-4.752055812969184,-1.5922531021239321,6.432348336913354,4.755217015109472
197.5,-4.75707639020255,-1.5907928164669152,6.439876976171698,4.76041297153106
197.6,-4.762094608203928,-1.5893348283454225,6.447409873534219,4.7656121660155275
197.7,-4.767122992010795,-1.587881173530311,6.454947029008671,4.770814599136321
197.8,-4.77214145744295,-1.5864366890795345,6.462488442889371,4.776020271593709
197.9,-4.777153967428242,-1.5849951378022054,6.470034115338987,4.781229183998504
198.0,-4.782161350443146,-1.583557152321163,6.477584046329732,4.786441336822823
198.1,-4.787165735133709,-1.5821216553002866,6.4851382357748015,4.791656730458023
198.2,-4.7921610490763555,-1.580672053838399,6.492696683395788,4.796875365181547
198.3,-4.797162324727764,-1.5792361310421394,6.500259389072405,4.802097241415348
198.4,-4.802164494759979,-1.5777963915588031,6.507826352879682,4.807322359673144
198.5,-4.807164737528015,-1.5763523276992166,6.515397574833779,4.812550720423547
198.6,-4.812167500420045,-1.574912107504432,6.522973055015472,4.817782324245512
198.7,-4.817178518226174,-1.5734663386870986,6.530552793356077,4.823017171620239
198.8,-4.822176707345209,-1.5720156988317189,6.538136789811354,4.828255263024263
198.9,-4.827179822574644,-1.5705511464316073,6.545725044564557,4.83349659918732
199.0,-4.832175320434212,-1.569083398976178,6.553317557497855,4.838741180659384
199.1,-4.837168748455561,-1.567618651710639,6.560914328335957,4.843989007950729
199.2,-4.84216201965377,-1.5661697278655553,6.568515357281074,4.849240081862801
199.3,-4.84716803074588,-1.5647135134669323,6.576120644612074,4.8544944032207145
199.4,-4.8521704178952465,-1.5632545337671093,6.583730190217397,4.859751972541375
199.5,-4.857164664200374,-1.5617849465155738,6.591343994016607,4.8650127904459115
199.6,-4.862179288983088,-1.5603107131052663,6.5989620560590465,4.8702768577144
199.7,-4.867202853871815,-1.5588288983086533,6.606584376431,4.875544175144187
199.8,-4.8722270336669675,-1.5573536775443924,6.614210955355511,4.8808147436373295
199.9,-4.877249440113454,-1.555884416201859,6.621841793065414,4.886088564097726
200.0,-4.882270784651206,-1.554405986431596,6.629476889578759,4.891365637295754
200.1,-4.887299406665277,-1.5529301781060405,6.637116244905834,4.89664596404715
200.2,-4.8923336023869926,-1.5514502183184267,6.6447598591931145,4.9019295452962455
200.3,-4.897374696102145,-1.5499746958810963,6.652407732507823,4.907216381945568
200.39999999999998,-4.9024211642074045,-1.54849973013942,6.660059865072678,4.912506475009074
200.5,-4.9074786485728845,-1.5470163495073725,6.66771625730862,4.917799825643251
200.6,-4.912541676144042,-1.545530293516195,6.675376909492143,4.923096434896961
200.70000000000002,-4.917603202739486,-1.5440372077860989,6.683041821609916,4.928396303607827
200.8,-4.922660518076345,-1.5425414726712772,6.690710993595709,4.933699432559858
200.89999999999998,-4.927721132353482,-1.541042683414219,6.69838442551357,4.93900582262077
201.0,-4.9327813550183475,-1.5395420312933457,6.706062117233372,4.94431547450101
201.1,-4.9378537132360645,-1.5380399050748452,6.71374406850239,4.949628388880861
201.20000000000002,-4.942927606333118,-1.536550481228834,6.721430279563641,4.954944566776325
201.3,-4.948002168238762,-1.535059360418553,6.729120750844151,4.960264009373119
201.39999999999998,-4.953086124203877,-1.5335652534171382,6.736815482547739,4.9655867177853965
201.5,-4.958178578366579,-1.5320683291181123,6.744514475124499,4.970912693373956
201.6,-4.963279172523746,-1.5305686604726205,6.752217729124008,4.976241937604429
201.70000000000002,-4.968387156931847,-1.529065452951847,6.759925244743075,4.981574451746177
201.8,-4.973512615174854,-1.527573311796022,6.767637021885911,4.986910236830451
201.9,-4.978638047807417,-1.5260679695490833,6.775353060600601,4.992249293911765
202.0,-4.983774412995636,-1.5245657674114241,6.783073361096106,4.997591624135534
202.1,-4.988904175828605,-1.5230544876911847,6.7907979234184985,5.002937228490318
202.20000000000002,-4.994028338564334,-1.521533848544525,6.798526747441806,5.008286107853392
202.29999999999998,-4.999152912624618,-1.5200103360814232,6.806259833026915,5.013638263146269
202.4,-5.004277298640177,-1.5184822832905311,6.813997180346589,5.018993695524292
202.5,-5.009404950961775,-1.5169550829426033,6.8217387896977995,5.024352406273774
202.6,-5.014535160276713,-1.515433222354885,6.829484661206771,5.02971439656786
202.70000000000002,-5.019655153287983,-1.5139003772628303,6.837234794933318,5.035079667563885
202.79999999999998,-5.024779836903437,-1.5123720244259105,6.84498919111509,5.040448220611824
202.9,-5.02991047653593,-1.5108314218191203,6.852747850230573,5.0458200572329845
203.0,-5.035051214569163,-1.509279106104876,6.860510772662057,5.051195178882083
203.1,-5.040191227605781,-1.5077270391428501,6.868277958629764,5.056573586890891
203.2,-5.045340039582211,-1.5061649140591293,6.876049408274912,5.061955282519264
203.29999999999998,-5.050507830548735,-1.504595962917064,6.883825121859043,5.067340267019013
203.4,-5.05566862690583,-1.5030057922457694,6.891605099590436,5.072728541516428
203.5,-5.0608323164671365,-1.50140288897794,6.899389341265203,5.078120106893145
203.60000000000002,-5.066004820571672,-1.4997935283696338,6.907177846661997,5.083514964022974
203.7,-5.071183985746826,-1.4981777503809197,6.914970615713076,5.08891311383876
203.79999999999998,-5.076369924063588,-1.4965590469268408,6.922767648301231,5.094314557237144
203.9,-5.081556676588703,-1.49493766184931,6.930568944209637,5.099719295060464
204.0,-5.08675324733256,-1.4933088749311054,6.938374503262776,5.105127328214441
204.10000000000002,-5.091951805486672,-1.491666748662985,6.9461843254452225,5.110538657753871
204.2,-5.097147315642483,-1.4900236647016463,6.953998410871181,5.115953284881596
204.29999999999998,-5.102346590035275,-1.4883731208769317,6.961816759604667,5.12137121083261
204.4,-5.107542262456191,-1.4867271760520133,6.969639371595296,5.126792436736712
204.5,-5.112725978624354,-1.4850733136006575,6.977466246959694,5.132216963860961
204.60000000000002,-5.117909842244999,-1.4834198675942676,6.985297385865886,5.137644793535473
204.7,-5.123090646516789,-1.4817556036365396,6.993132788455585,5.143075927090318
204.8,-5.128283167833722,-1.4800862543328188,7.000972454789855,5.148510365828615
204.9,-5.13348037052651,-1.4784119495869197,7.008816384938487,5.1539481110451115
205.0,-5.138662477548701,-1.4767363552222186,7.016664579091218,5.159389164097465
205.1,-5.143845917282674,-1.475058051062481,7.0245170373484545,5.164833526323577
205.2,-5.149032829014063,-1.4733629443593603,7.03237375992974,5.170281199153541
205.3,-5.154230160456689,-1.471666456039937,7.040234746986732,5.175732184004191
205.4,-5.159424321895528,-1.469976289574175,7.048099998291599,5.181186482027776
205.5,-5.164623331396696,-1.4682987562657053,7.055969513690928,5.186644094392159
205.6,-5.169833890542606,-1.4666169270203415,7.063843293263113,5.192105022399476
205.7,-5.1750515349212005,-1.4649391989110365,7.071721336892591,5.197569267182768
205.8,-5.180278354875524,-1.4632519998546112,7.079603644427766,5.203036829873062
205.9,-5.185499330717054,-1.461564264607977,7.087490215981801,5.208507711750221
206.0,-5.1907248333007905,-1.4598605841406411,7.0953810517463705,5.2139819142359976
206.1,-5.195954016416829,-1.4581627587181056,7.103276151832131,5.219459438700336
206.2,-5.20119684306552,-1.4564575150606782,7.111175516156986,5.224940286377756
206.3,-5.206440023571134,-1.454744464365627,7.119079144587868,5.230424458396025
206.4,-5.211668504907637,-1.45302428320975,7.126987037094133,5.235911956002329
206.5,-5.216893120401626,-1.4513076833518692,7.134899193396249,5.2414027803152266
206.6,-5.2221118995832505,-1.4495797634231764,7.142815613206011,5.246896932435917
206.7,-5.227333957824634,-1.447845965239501,7.150736296699609,5.252394413804696
206.8,-5.232567087630398,-1.4461028597625423,7.158661244161022,5.257895225979549
206.9,-5.2378035702637655,-1.444362001276663,7.166590455570355,5.263399370278994
207.0,-5.243039339946343,-1.4426194890218837,7.1745239306701105,5.268906847865339
207.1,-5.248291392509782,-1.4408735929813803,7.182461669284919,5.274417660004427
207.2,-5.2535526355400775,-1.4391375365034853,7.190403671393237,5.279931808032967
207.3,-5.258821470246988,-1.4373987058554232,7.198349936984629,5.285449293298043
207.4,-5.264094462849386,-1.435670971028832,7.206300465961289,5.2909701170649
207.5,-5.26936970600622,-1.4339353699308939,7.214255258181914,5.296494280591682
207.6,-5.2746388738095416,-1.4322025334199773,7.22221431364743,5.302021785254372
207.7,-5.279909780752593,-1.430471301150613,7.2301776323906894,5.307552632501908
207.8,-5.285177648198215,-1.4287311431458347,7.238145214348824,5.313086823708279
207.89999999999998,-5.290453401683294,-1.4269860291002046,7.24611705970888,5.3186243604683145
208.0,-5.29573553037235,-1.4252361348857425,7.254093168753218,5.3241652444123675
208.1,-5.301011789407133,-1.4234708735270845,7.26207354135312,5.32970947688346
208.20000000000002,-5.306284930209756,-1.421715184731454,7.270058177223933,5.33525705917712
208.3,-5.311561150041365,-1.419971109332592,7.278047076369744,5.340807992752976
208.39999999999998,-5.316839884998423,-1.418221134315945,7.286040238838286,5.3463622790116885
208.5,-5.322113261005057,-1.416469720109412,7.294037664533767,5.351919919265475
208.6,-5.3274001209416655,-1.4147141042665912,7.302039353535401,5.357480915015307
208.70000000000002,-5.332696174887273,-1.4129498063056336,7.310045305714484,5.36304526761135
208.8,-5.337991793927457,-1.4111940584046143,7.318055520742213,5.368612978242376
208.89999999999998,-5.343284230895538,-1.409427188715201,7.326069998603334,5.374184048323751
209.0,-5.348577592000019,-1.4076525622909835,7.334088739217711,5.379758479259099
209.1,-5.35387194320669,-1.405874303762525,7.342111742465508,5.385336272457291
209.20000000000002,-5.359157037790275,-1.4040909569229625,7.350139008431317,5.390917429463433
209.3,-5.364449209084146,-1.402306443530373,7.358170537311895,5.396501951926223
209.4,-5.369738247956588,-1.4005129129872338,7.366206329226852,5.402089841398195
209.5,-5.375025223340962,-1.398712592999762,7.374246383787368,5.407681099116234
209.6,-5.38030465012532,-1.3969236603011872,7.382290700457095,5.4132757262260025
209.70000000000002,-5.385594287360541,-1.3951318489152083,7.390339279065937,5.418873724111916
209.79999999999998,-5.390875275851986,-1.393341055621502,7.398392119712159,5.424475094226934
209.9,-5.396150989088575,-1.3915324729497303,7.406449222556332,5.430079838109119
210.0,-5.401422366908852,-1.389712146455612,7.41451058753488,5.435687957179841
210.1,-5.406703755152961,-1.3878720995600258,7.422576214526199,5.441299452888553
210.20000000000002,-5.411969796616889,-1.3860302451824893,7.430646103495385,5.44691432668984
210.29999999999998,-5.417226170054399,-1.3841784918143316,7.438720254393246,5.452532580093283
210.4,-5.422479335171992,-1.3823228480625702,7.44679866714857,5.458154214601795
210.5,-5.4277283783752965,-1.3804603465476153,7.45488134169026,5.463779231722266
210.6,-5.432980426833574,-1.378595120933116,7.462968277799647,5.469407632868143
210.7,-5.4382352131358775,-1.3767315997281775,7.471059475115884,5.475039419318083
210.79999999999998,-5.443483469408208,-1.3748640291023122,7.479154933551836,5.480674592517816
210.9,-5.448743205797524,-1.3729998848825669,7.487254653040773,5.486313153987802
211.0,-5.454002748442699,-1.3711504897805356,7.495358633305394,5.49195510503618
211.10000000000002,-5.4592566264182345,-1.369301481740571,7.503466874058312,5.497600446938817
211.2,-5.464518353540697,-1.3674542399794984,7.511579375166368,5.503249181103311
211.29999999999998,-5.469785525241358,-1.3655951369899395,7.519696136524997,5.5089013089912
211.4,-5.475061605800924,-1.3637392284299925,7.527817157888346,5.514556831993254
211.5,-5.480338816901209,-1.3618837947747093,7.53594243917302,5.520215751588333
211.60000000000002,-5.485620057501089,-1.360014496876392,7.544071980413203,5.52587806934763
211.7,-5.490912460444111,-1.3581411413005824,7.552205781370145,5.531543786706935
211.79999999999998,-5.496211086788972,-1.3562671021623243,7.560343841676001,5.537212905011175
211.9,-5.501520378248588,-1.3543917207947536,7.56848616114564,5.542885425712188
212.0,-5.506828681532186,-1.3525188870401614,7.576632739996818,5.548561350501481
212.10000000000002,-5.51213436522148,-1.350646592972502,7.584783578466946,5.554240681118355
212.2,-5.517455355054714,-1.3487793820938125,7.592938676338406,5.559923418973818
212.3,-5.522772738639938,-1.346895582177752,7.601098033359022,5.565609565372602
212.4,-5.528090152620732,-1.345001505730034,7.609261649322891,5.571299121660068
212.5,-5.533390430932029,-1.3430891160573815,7.617429523892366,5.576992089130285
212.6,-5.538694471330184,-1.3411666256441348,7.6256016566557925,5.582688469093552
212.7,-5.543988728789026,-1.3392386599329624,7.6337780475763175,5.588388263090647
212.8,-5.5492809021831775,-1.3373097404409902,7.641958696664422,5.59409147268661
212.9,-5.5545735450364315,-1.3353750017632144,7.650143603461598,5.599798099111609
213.0,-5.559875047802695,-1.3334341340259221,7.658332767578292,5.605508143638048
213.1,-5.565176617138357,-1.3314917507015331,7.666526188668942,5.611221607521336
213.2,-5.570465856393921,-1.3295440378037235,7.674723866243186,5.616938491907562
213.3,-5.5757468270909785,-1.3275969201127775,7.682925799944144,5.622658798066528
213.4,-5.581017039543634,-1.3256436472160686,7.691131989622592,5.628382527422041
213.5,-5.586286236154827,-1.3236838312786119,7.699342434970255,5.634109681342598
213.6,-5.591561005725385,-1.321729223979675,7.70755713567194,5.639840261208436
213.7,-5.596835747526052,-1.3197761162784911,7.715776091721127,5.645574268541328
213.8,-5.60210295987097,-1.3178161096189414,7.7239993029028975,5.6513117046974575
213.9,-5.607375590544733,-1.3158499515591164,7.732226768802157,5.657052570973549
214.0,-5.61265231738925,-1.3138856028272596,7.74045848924341,5.662796868811001
214.1,-5.617931978550991,-1.3119138142990927,7.748694464095432,5.668544599656105
214.2,-5.623216222471312,-1.3099402999019558,7.756934693043257,5.674295764829924
214.3,-5.628508597838879,-1.3079623750197236,7.765179175682705,5.6800503656294
214.4,-5.633823767554843,-1.3059845242474863,7.773427911571105,5.685808403299131
214.5,-5.639130092749273,-1.304004698626789,7.7816809001089124,5.691569878872898
214.6,-5.64444021620231,-1.3020179327348713,7.789938140781141,5.697334793494098
214.7,-5.649759222972761,-1.3000141887933983,7.798199633422294,5.703103148575883
214.8,-5.655072398379464,-1.2980062670151,7.8064653778545186,5.708874945513736
214.9,-5.660383877002982,-1.2959991067733405,7.81473537368552,5.714650185573905
215.0,-5.665683981697333,-1.293984603270116,7.823009620524357,5.720428869992397
215.1,-5.670994176248585,-1.2919600798545372,7.8312881181799385,5.726211000212901
215.2,-5.676311247472447,-1.2899332494512723,7.839570866489524,5.73199657767885
215.3,-5.681638893013044,-1.2879003769639359,7.847857864983497,5.737785603583187
215.39999999999998,-5.686966084484751,-1.2858592364967183,7.856149113102337,5.743578079042307
215.5,-5.69229364539888,-1.2838248262248526,7.864444610651744,5.749374005439999
215.6,-5.697626017468038,-1.2817793323469557,7.872744357480506,5.755173384219566
215.70000000000002,-5.702974068063553,-1.279735736100291,7.8810483530362845,5.760976216538103
215.8,-5.708328867654545,-1.2776879735800792,7.889356596868884,5.766782503590698
215.89999999999998,-5.713695211900287,-1.2756349613000475,7.897669088698961,5.772592246670682
216.0,-5.719055607744466,-1.2735810019989502,7.905985827934002,5.778405446828546
216.1,-5.724413212335397,-1.2715232091210276,7.914306813995303,5.784222105179661
216.20000000000002,-5.729770035154312,-1.2694722951397672,7.9226320467609845,5.790042223171071
216.3,-5.735130291643178,-1.2674224919876482,7.930961526080831,5.795865802187218
216.39999999999998,-5.740487034089508,-1.2653644703899511,7.939295251558645,5.801692843384052
216.5,-5.745834914279764,-1.2633022522415212,7.947633222729434,5.807523347925273
216.6,-5.751208256537335,-1.2612325931518247,7.955975439287933,5.8133573171642965
216.70000000000002,-5.756590955220691,-1.2591534970749185,7.964321901072664,5.819194752440118
216.8,-5.7619667025345525,-1.257080553054533,7.972672607460983,5.825035654734676
216.9,-5.767344884096959,-1.2550023518404323,7.981027557746811,5.830880025012537
217.0,-5.772707127305212,-1.2529245175427355,7.989386751478987,5.836727864370021
217.1,-5.778067967383381,-1.250842803268535,7.997750188283813,5.842579174048239
217.20000000000002,-5.783434106621629,-1.2487579735889893,8.006117867857357,5.848433955323976
217.29999999999998,-5.788805806046708,-1.2466605772003572,8.014489789726078,5.85429220933286
217.4,-5.7941797815434235,-1.244557481593062,8.022865953344914,5.860153937153516
217.5,-5.799558810777934,-1.2424434813165939,8.03124635816705,5.866019139902557
217.6,-5.804940030966468,-1.2403312229970642,8.0396310036485,5.871887818669312
217.70000000000002,-5.81032065947756,-1.2382132723032597,8.0480198892955,5.87775997453773
217.79999999999998,-5.815685360983469,-1.2360924247912861,8.0564130146105,5.883635608556642
217.9,-5.821056564642303,-1.233962945264321,8.064810379198617,5.8895147219499355
218.0,-5.826424349305618,-1.2318386088437931,8.073211982697838,5.895397315898895
218.1,-5.83178856601787,-1.2297120421495316,8.081617824811566,5.90128339160389
218.2,-5.8371648260289755,-1.2275723665026854,8.090027905285226,5.907172950322581
218.29999999999998,-5.842552778938611,-1.2254260206614713,8.098442223661149,5.913065993153351
218.4,-5.847938856315648,-1.2232781070627157,8.106860779481142,5.918962521144198
218.5,-5.853324998837956,-1.221121841988233,8.115283572318367,5.924862535404527
218.60000000000002,-5.858720565878489,-1.21896636990836,8.12371060150027,5.930766036928937
218.7,-5.864129844519365,-1.2168161985907724,8.132141866395392,5.936673026679854
218.79999999999998,-5.869526676749498,-1.2146657787110693,8.140577366618624,5.942583505711634
218.9,-5.874941251600388,-1.212514922328831,8.149017101631468,5.948497475075329
219.0,-5.8803588558114415,-1.2103620851517185,8.157461070785654,5.954414935637471
219.10000000000002,-5.885776378339863,-1.2081875426773514,8.165909273672794,5.96033588841854
219.2,-5.891191389082489,-1.2060042255600407,8.174361709870407,5.966260334470512
219.29999999999998,-5.896596540275619,-1.2038076818784453,8.182818378720992,5.97218827473158
219.4,-5.901994748610574,-1.2016142107210146,8.191279279609162,5.978119710179541
219.5,-5.9073920531703425,-1.1994151891964404,8.199744411962488,5.984054641817413
219.60000000000002,-5.912804526966261,-1.1972004451208262,8.20821377506619,5.989993070488966
219.7,-5.918208724397372,-1.1949709529375943,8.216687368481127,5.995934997149448
219.8,-5.923605114319043,-1.1927339331224402,8.225165191932048,6.001880422922897
219.9,-5.9290050570732316,-1.1904837043167045,8.233647244546704,6.007829348614374
220.0,-5.934417004822328,-1.1882423479677982,8.242133525426373,6.013781774971481
220.1,-5.939830370374575,-1.1859998827877227,8.25062403419841,6.0197377029856245
220.2,-5.945241920685674,-1.1837470061271065,8.259118770610234,6.0256971337006675
220.3,-5.95065349642042,-1.181488858492798,8.267617734161165,6.031660068051224
220.4,-5.9560655997717715,-1.179224828117226,8.2761209241616,6.037626506838486
220.5,-5.961470673019974,-1.176953005837056,8.28462833990967,6.043596450841648
220.6,-5.9668839103382725,-1.1746728978225143,8.293139980584623,6.049569900861343
220.7,-5.972312931156484,-1.172399816860779,8.30165584543349,6.055546857712442
220.8,-5.977748534988117,-1.1701212947416098,8.310175933890736,6.0615273222171115
220.9,-5.983167486899014,-1.167849493752858,8.318700245477162,6.067511295179159
221.0,-5.988578092223916,-1.1655761936901816,8.327228779549332,6.073498777408719
221.1,-5.993990275656797,-1.1633143964986716,8.335761535527809,6.079489769725053
221.2,-5.999401841876987,-1.1610429509361617,8.344298513233703,6.085484273159911
221.3,-6.004816811974376,-1.1587721392002444,8.352839712403375,6.09148228862373
221.4,-6.010233311237328,-1.1564811827950752,8.361385132462447,6.09748381686034
221.5,-6.01566756092231,-1.1541884981819626,8.369934772842418,6.103488858648963
221.6,-6.021119870289226,-1.1518795459601787,8.378488632995737,6.109497414752065
221.7,-6.026576431161077,-1.1495619475597634,8.387046712203368,6.115509485744806
221.8,-6.032040713492216,-1.1472317257218076,8.395609009769217,6.121525072275535
221.9,-6.03749765291431,-1.1448912063069776,8.404175524973464,6.127544174985077
222.0,-6.042958335264764,-1.142550039876761,8.41274625693955,6.133566794507044
222.1,-6.0484251757509595,-1.1402181369172342,8.421321204904658,6.139592931480151
222.2,-6.053884876191632,-1.1378807550552323,8.42990036835143,6.145622586597759
222.3,-6.059353670610497,-1.1355344547803474,8.438483746829403,6.151655760643995
222.4,-6.064834119623816,-1.1331792680090067,8.447071339711476,6.1576924542697675
222.5,-6.070320658679008,-1.1308173487081057,8.455663146261305,6.163732667965544
222.6,-6.075812159260725,-1.1284376967168337,8.46425916580006,6.169776402232008
222.7,-6.0812880811126595,-1.1260507712820955,8.472859397622846,6.175823657563267
222.8,-6.086766120150316,-1.1236600647940858,8.48146384090711,6.1818744344635945
222.89999999999998,-6.092228322978358,-1.121263891942107,8.490072494920096,6.187928733468997
223.0,-6.097694662403597,-1.1188743413400541,8.498685359098168,6.19398655527123
223.1,-6.103160334256115,-1.1164773321637984,8.5073024328,6.200047900436931
223.20000000000002,-6.108620277595142,-1.1140814445830287,8.51592371530947,6.2061127693849025
223.3,-6.114083327610679,-1.11166375359316,8.524549206066418,6.212181162721443
223.39999999999998,-6.119558983408595,-1.109246532361398,8.53317890447868,6.218253080988173
223.5,-6.125027074284682,-1.1068184747659282,8.541812809844732,6.224328524559471
223.6,-6.130491433360957,-1.1043833910759184,8.550450921492576,6.230407493885719
223.70000000000002,-6.135965106303029,-1.101948514098841,8.559093238707042,6.23648998940764
223.8,-6.141428989921463,-1.0994944961425503,8.567739760738982,6.2425760114564826
223.89999999999998,-6.146893742337829,-1.097032545276992,8.576390486789714,6.2486655604357795
224.0,-6.152365699835841,-1.09456647379882,8.585045416091672,6.254758636797235
224.1,-6.157827586413897,-1.0920976920468233,8.593704547895408,6.26085524090988
224.20000000000002,-6.163284268661462,-1.0896356309471726,8.6023678814024,6.266955373122152
224.3,-6.1687381582393215,-1.0871663784057173,8.611035415923906,6.273059033840721
224.4,-6.174186114314409,-1.0846938416980354,8.619707150769454,6.279166223437682
224.5,-6.1796240292615545,-1.082225571576532,8.628383085148133,6.2852769421976955
224.6,-6.185059152958237,-1.0797409996974936,8.637063218234891,6.291391190392985
224.70000000000002,-6.190488813426621,-1.077253085508777,8.645747549190485,6.297508968291956
224.79999999999998,-6.195933173567611,-1.0747521270322347,8.654436077242838,6.303630276241326
224.9,-6.201374612654496,-1.0722418326262297,8.663128801711402,6.3097551145288
225.0,-6.206820591230206,-1.0697255828081091,8.671825721779951,6.315883483385787
225.1,-6.212279781342289,-1.0672021070460846,8.680526836476082,6.322015382893298
225.20000000000002,-6.21775002526392,-1.064661096547731,8.689232145004446,6.328150813170452
225.29999999999998,-6.22321764746156,-1.0621255716898033,8.69794164666572,6.334289774305963
225.4,-6.228678920501352,-1.059577896720964,8.7066553408098,6.340432266457865
225.5,-6.234148916552138,-1.057028683198513,8.715373226848781,6.34657828986698
225.6,-6.239605359673823,-1.0544910227101685,8.72409530417325,6.352727844674266
225.7,-6.245056303394009,-1.0519462768732801,8.732821572063084,6.358880930970041
225.79999999999998,-6.2505142159973905,-1.0493857701564637,8.7415520294895,6.365037548692977
225.9,-6.255977782419825,-1.0468116765784847,8.750286675457057,6.371197697800623
226.0,-6.261444300183137,-1.044219807743277,8.759025508998624,6.377361378304776
226.10000000000002,-6.2669112753468985,-1.0416329833382314,8.767768529125062,6.3835285902043
226.2,-6.272380148523726,-1.0390375248440067,8.776515735150813,6.389699333677535
226.29999999999998,-6.277839141590065,-1.0364392508540132,8.785267126225373,6.395873608745589
226.4,-6.283294461025143,-1.0338477374924215,8.794022701410086,6.402051415384913
226.5,-6.288744406608649,-1.0312405486829288,8.802782459975893,6.408232753682104
226.60000000000002,-6.294188043467816,-1.028636527844116,8.81154640101293,6.41441762356134
226.7,-6.2996320121806155,-1.0260205409402103,8.820314523569424,6.420606024912842
226.79999999999998,-6.3050705063203445,-1.0233952968167115,8.829086826875013,6.426797957652612
226.9,-6.310494693536019,-1.0207656884734937,8.837863310151413,6.432993421706051
227.0,-6.315913873615783,-1.0181362830661185,8.84664397238208,6.439192416851344
227.10000000000002,-6.32131536051743,-1.015505594135188,8.85542881264244,6.445394942904268
227.2,-6.326721099640738,-1.0128733397502525,8.864217830182369,6.451600999899061
227.3,-6.332128000514162,-1.0102470779327517,8.87301102390254,6.457810587577155
227.4,-6.337534094088235,-1.0076233340110747,8.881808392603805,6.464023705534029
227.5,-6.34294471722549,-1.0049894218481497,8.890609935646566,6.470240353768258
227.6,-6.34835713694759,-1.0023595469076272,8.89941565248115,6.476460532295162
227.7,-6.353768233701299,-0.9997200443990122,8.9082255420845,6.482684240766383
227.8,-6.359181196552867,-0.9970745378642504,8.91703960335635,6.4889114788095394
227.9,-6.364601060197873,-0.9944381854777364,8.925857835304004,6.495142246105597
228.0,-6.37001979735454,-0.9917930840214917,8.934680237033247,6.501376542314277
228.1,-6.375440456645346,-0.9891432679000268,8.943506807758594,6.507614367181775
228.2,-6.380859408521934,-0.9864889639710717,8.952337546680658,6.513855720479624
228.3,-6.386272189285319,-0.983833628882113,8.961172452771327,6.520100601773466
228.4,-6.391665319883462,-0.981175028424462,8.970011524828319,6.526349010515707
228.5,-6.397058574511513,-0.9785127626997374,8.97885476182379,6.532600946399908
228.6,-6.402470350590062,-0.9758377720209238,8.98770216278087,6.538856409133933
228.7,-6.4078752058140465,-0.973168607436582,8.996553726844496,6.545115398278919
228.8,-6.413266237161384,-0.9704944769079755,9.005409453311316,6.551377913490773
228.9,-6.4186524387061175,-0.967815125473264,9.014269341296677,6.557643954375026
229.0,-6.424054338641216,-0.9651228019130563,9.023133389591793,6.563913520363433
229.1,-6.429456909487145,-0.9624379626809777,9.03200159678819,6.570186610593809
229.2,-6.434859719982604,-0.9597504784483053,9.040873961860509,6.576463224438982
229.3,-6.440264095122283,-0.9570594714855849,9.049750484230193,6.582743361534406
229.4,-6.445658712871794,-0.9543568266654395,9.058631163238793,6.589027021442716
229.5,-6.4510354892052195,-0.9516574565485336,9.067515997820026,6.5953142035264785
229.6,-6.456412614423553,-0.9489636522949375,9.076404986715895,6.601604907072573
229.7,-6.461785712782768,-0.9462518702811975,9.085298128828093,6.607899131361104
229.8,-6.467146369717698,-0.9435345199914565,9.094195423098181,6.614196875687829
229.9,-6.4725002724905485,-0.9408159798195266,9.10309686856813,6.620498139455336
230.0,-6.477847916910631,-0.9380798035194823,9.112002464328235,6.626802922056097
230.1,-6.483186774991226,-0.935350324443121,9.120912209317357,6.633111222750115
230.2,-6.488525488987192,-0.9326217526077581,9.129826102427614,6.639423040761751
230.3,-6.4938654342543245,-0.92989393803418,9.138744142565963,6.645738375218883
230.39999999999998,-6.49920949769174,-0.9271617444724501,9.147666328825617,6.652057225360115
230.5,-6.5045498435328355,-0.9244363200164861,9.15659266035543,6.658379590418581
230.6,-6.509889675029814,-0.921704540176577,9.165523136101568,6.664705469498421
230.70000000000002,-6.515213921436468,-0.9189762895014167,9.174457755085754,6.671034861751402
230.8,-6.520540168719212,-0.916242352120009,9.183396516221372,6.67736776640359
230.89999999999998,-6.525865566863803,-0.913515032789948,9.192339418252237,6.683704182497682
231.0,-6.531183093684453,-0.9107858923614032,9.201286460115188,6.69004410918115
231.1,-6.536503756280969,-0.9080609527632392,9.21023764063314,6.696387545551745
231.20000000000002,-6.541823486750914,-0.9053409557292241,9.219192958677898,6.70273449066087
231.3,-6.547144468356107,-0.9026123467809165,9.22815241338696,6.7090849436779925
231.39999999999998,-6.552466246428058,-0.8998769162525959,9.237116003665903,6.715438903585506
231.5,-6.557787277504807,-0.8971327817068876,9.246083728396513,6.721796369371593
231.6,-6.563113265871482,-0.8943886192087714,9.255055586588886,6.728157340087911
231.70000000000002,-6.568433925799297,-0.8916387056064724,9.264031577076757,6.734521814561192
231.8,-6.573746568997322,-0.8888794300256616,9.273011698725146,6.740889791649459
231.9,-6.579057899880206,-0.8861170533530655,9.281995950483118,6.747261270316951
232.0,-6.58437217360919,-0.8833379089828274,9.290984331154455,6.75363624943227
232.1,-6.589684052614097,-0.8805654802165499,9.299976839564328,6.760014727818325
232.20000000000002,-6.594992153028209,-0.8777915327014909,9.308973474798156,6.766396704482298
232.29999999999998,-6.600296559969344,-0.8750246006628608,9.317974235996301,6.772782178399861
232.4,-6.605601022859475,-0.8722421233006654,9.326979122211814,6.779171148487838
232.5,-6.6109080533716265,-0.8694472395205047,9.335988132244585,6.785563613492113
232.6,-6.616208058775014,-0.8666543276876026,9.345001264531506,6.791959571906645
232.70000000000002,-6.621502192410885,-0.8638627799704189,9.354018517701519,6.798359022334938
232.79999999999998,-6.6267970239243885,-0.8610573881137347,9.36303989061909,6.804761963508315
232.9,-6.632089624568017,-0.858236799449867,9.372065382043234,6.811168394098898
233.0,-6.637388716747706,-0.8554178626483699,9.381094990886389,6.817578312934784
233.1,-6.642700396997461,-0.8525926741314013,9.390128716273683,6.82399171884833
233.2,-6.647993802457992,-0.8497621465566316,9.39916655726815,6.830408610398155
233.29999999999998,-6.6532711589499085,-0.8469235966938163,9.40820851253185,6.836828986001519
233.4,-6.658552174698025,-0.8440781361420533,9.417254580555406,6.843252844080478
233.5,-6.663833310237562,-0.841231672047283,9.426304760395432,6.8496801833177186
233.60000000000002,-6.669117101358037,-0.8383662258105287,9.43535905122376,6.856111002415871
233.7,-6.674398341712369,-0.8354913534453141,9.444417451712555,6.862545299770722
233.79999999999998,-6.679686194898022,-0.832614421677037,9.453479960506213,6.868983073839081
233.9,-6.684973406075922,-0.8297366321084118,9.462546576490249,6.875424323155702
234.0,-6.690265878847171,-0.8268410997155698,9.471617298501968,6.881869046263167
234.10000000000002,-6.695563013134462,-0.8239492160791033,9.480692125237153,6.888317241516286
234.2,-6.70082975972291,-0.8210487847640228,9.489771055484436,6.89476890725294
234.29999999999998,-6.706091238175055,-0.8181474284800152,9.498854088080929,6.901224042039447
234.4,-6.711354694818853,-0.815242650921779,9.50794122178253,6.907682644343696
234.5,-6.716612733662505,-0.8123198982583284,9.517032455376023,6.914144712553182
234.60000000000002,-6.721879546613189,-0.8093977050476209,9.52612778762276,6.920610245066521
234.7,-6.727136820664147,-0.8064710956878943,9.535227217277102,6.927079240196496
234.8,-6.732391504232401,-0.8035465542843385,9.544330743195834,6.933551696307638
234.9,-6.737646060048281,-0.8006056280544301,9.55343836414947,6.94002761167062
235.0,-6.7428975274456135,-0.797639095503208,9.562550078806918,6.946506984456656
235.1,-6.748143238703971,-0.7946676136911599,9.57166588599352,6.952989813026752
235.2,-6.753389493929401,-0.7916996841953284,9.580785784499517,6.959476095721048
235.3,-6.7586352447598035,-0.7887318249722203,9.589909772849108,6.965965830592012
235.4,-6.763881630350019,-0.7857698533871371,9.599037849654792,6.972459015696809
235.5,-6.769124680683569,-0.7828124358057668,9.60817001365508,6.978955649130509
235.6,-6.774373612555551,-0.779842118999231,9.617306263499655,6.985455728877778
235.7,-6.779611450012471,-0.7768566914859125,9.626446597846252,6.9919592528988925
235.8,-6.784848637667775,-0.773864222991118,9.635591015637875,6.998466219460878
235.9,-6.7900779462184495,-0.7708634757915185,9.644739515945128,7.0049766269059015
236.0,-6.795312597941871,-0.7678490192824813,9.653892097459435,7.01149047333176
236.1,-6.800546414734743,-0.7648311786279809,9.663048758842317,7.018007756774996
236.2,-6.805783521953533,-0.7618092269817925,9.672209499045477,7.024528475404851
236.3,-6.811012408890786,-0.7587730369691775,9.681374316908983,7.031052627274454
236.4,-6.816248363338872,-0.7557290968054443,9.69054321092481,7.037580210291138
236.5,-6.821486686109162,-0.7526791009907312,9.699716179575079,7.044111222323339
236.6,-6.826729042665579,-0.7496229385039417,9.708893221590188,7.050645661365168
236.7,-6.831969898250597,-0.7465645462794388,9.718074335778638,7.057183525437779
236.8,-6.83720741007334,-0.7435041502261783,9.72725952079755,7.0637248125097365
236.9,-6.842453936469114,-0.7404518607375462,9.736448775251603,7.070269520495724
237.0,-6.847691363040479,-0.7373967106028148,9.74564209782971,7.076817647262539
237.1,-6.852937951013211,-0.7343388507511507,9.754839487250338,7.0833691907301555
237.2,-6.858180931361663,-0.7312686095693707,9.76404094230688,7.089924148803599
237.3,-6.86341253641594,-0.7281944208805311,9.773246461640685,7.0964825193253995
237.4,-6.86864562599442,-0.7251244276314147,9.782456043825421,7.103044300145347
237.5,-6.873862101305073,-0.7220449231898779,9.791669687567833,7.109609489061173
237.6,-6.879064176109834,-0.7189613611592998,9.800887391554854,7.116178083936285
237.7,-6.884269588162145,-0.7158735435511484,9.810109154451663,7.122750082757955
237.8,-6.8894790219480395,-0.7127925556467432,9.819334974933112,7.129325483381297
237.89999999999998,-6.894689798398421,-0.7097136655920943,9.828564851651457,7.135904283517731
238.0,-6.8999099696178225,-0.7066280464849274,9.83779878318241,7.14248648077129
238.1,-6.905121646770837,-0.703546114801722,9.847036768194544,7.149072072733135
238.20000000000002,-6.910331215080077,-0.7004642323978592,9.856278805395077,7.155661057099983
238.3,-6.915541102519266,-0.6973826202026783,9.865524893455438,7.162253431540036
238.39999999999998,-6.920753371057361,-0.6942915464655001,9.874775031050289,7.168849193707643
238.5,-6.925968981102562,-0.6911942983651693,9.884029216714191,7.175448341144141
238.6,-6.931180631712339,-0.6880955757741556,9.893287449119908,7.182050871445337
238.70000000000002,-6.936393998088303,-0.6849837843183456,9.902549727119029,7.188656782390894
238.8,-6.94161925175734,-0.6818696354908673,9.911816049312996,7.195266071575226
238.89999999999998,-6.946843339260953,-0.6787522514602643,9.921086414017946,7.201878736274938
239.0,-6.952069334755521,-0.6756320740961075,9.930360819852169,7.208494773948469
239.1,-6.957285773640489,-0.6725139382909106,9.939639265768742,7.215114182274266
239.20000000000002,-6.962499893021235,-0.6693946417459536,9.948921750374764,7.221736958691713
239.3,-6.967706677357062,-0.6662635567747193,9.958208272138448,7.228363100509345
239.4,-6.972909404376768,-0.6631238486183493,9.967498829605821,7.234992605111521
239.5,-6.9781077180065845,-0.6599740225469416,9.976793421351113,7.241625469939687
239.6,-6.983304112895413,-0.6568235104689133,9.986092045966968,7.248261692453416
239.70000000000002,-6.988507798743451,-0.6536654328383306,9.995394702023615,7.254901270059562
239.79999999999998,-6.993709789284602,-0.6504978700135751,10.004701388083854,7.261544200046122
239.9,-6.998907037317523,-0.6473288552426502,10.014012102751897,7.268190479754821
240.0,-7.004106183416346,-0.6441580725713151,10.02332684482697,7.274840106707933
