t,nees_ekf,nees_fgo
0.0,1.139000084406301,5.00823744055597
0.1,1.409700551393235,5.010621389973098
0.2,1.5840703288720415,5.013007297054171
0.3,1.6712640989860756,5.0153661847997615
0.4,1.7484774117901316,5.0176980249187375
0.5,1.6008428582895315,5.0200322932325365
0.6,1.6095342285833432,5.0223860057131375
0.7000000000000001,1.592411987296256,5.024698356686261
0.8,1.4666980678800874,5.027014898441179
0.8999999999999999,1.4422853528510406,5.029325768574352
1.0,1.3875409545215018,5.031594292639723
1.1,1.4317255984274921,5.033855881626311
1.2,1.367244813433011,5.036111234453798
1.3,1.3544496304392437,5.038349222422165
1.4000000000000001,1.352215865192042,5.040576726757413
1.5,1.3579342168111301,5.042811679204842
1.6,1.3419360455737797,5.0450169163988505
1.7,1.3656086543115342,5.047199267243389
1.7999999999999998,1.3428615398963695,5.0494357070529485
1.9000000000000001,1.3334867186684451,5.0516335767267995
2.0,1.3170314644831516,5.053820243353408
2.1,1.2819177751209925,5.055982076329944
2.2,1.2299420595997699,5.058194892380338
2.3,1.2565569203116203,5.0603700849897955
2.4,1.286237190983707,5.062522062521152
2.5,1.2451508199348333,5.064656824078242
2.6,1.3366689674126755,5.066783811808791
2.6999999999999997,1.3184952853821272,5.068885940088959
2.8000000000000003,1.2903275322367573,5.071042974476917
2.9,1.2738675578388885,5.07320734938772
3.0,1.2816628860529338,5.075397420108094
3.1,1.1906539871730546,5.077596979242403
3.2,1.1192108143500688,5.079730251591279
3.3,1.121567301397528,5.081845098336815
3.4,1.0991105926783356,5.083943037607151
3.5,1.1482762292684274,5.086031294837243
3.5999999999999996,1.1262562687446314,5.088154009690519
3.7,1.1279822666378723,5.09026578036436
3.8000000000000003,1.1644887295961026,5.092335274160687
3.9000000000000004,1.1861957684296003,5.094386504432489
4.0,1.134655688513266,5.096486877781377
4.1,1.1226888733224119,5.098588956307282
4.2,1.1046596518547098,5.100732043052467
4.3,1.0858851526983435,5.102868401818509
4.4,1.0862468596021955,5.10499944872495
4.5,1.0840938622638874,5.1070840845239
4.6,1.077882600791759,5.109115163940528
4.7,1.0696313419646917,5.111115274237652
4.8,1.0669230421131026,5.113081270734802
4.9,1.0656939001183026,5.115042716547894
5.0,1.0656418318290397,5.116977260423971
5.1000000000000005,1.0671275205423931,5.118855235948577
5.2,1.0663424762172227,5.1206979375030635
5.3,1.0664535602390184,5.122546316310028
5.3999999999999995,1.0676503017160701,5.124385263869845
5.5,1.0656845030062725,5.126215441961541
5.6000000000000005,1.0665709432198278,5.1280205845169435
5.7,1.0641759729595976,5.129831235747851
5.8,1.0639259793183242,5.131672123591737
5.8999999999999995,1.0652298411454344,5.133529814846397
6.0,1.0653473197664063,5.135382118583046
6.1000000000000005,1.0760449384620816,5.137214818585778
6.2,1.0893020092211994,5.139066947165393
6.3,1.0826619525255115,5.140944904721227
6.4,1.091277418057799,5.142823548369463
6.5,1.0770420908113703,5.144741874597111
6.6,1.0668286418051491,5.146685407706789
6.7,1.0539084589509973,5.148609911519749
6.8,1.0495460614282335,5.150545499676175
6.9,1.0857095772697285,5.152505093716774
7.0,1.0914498106444415,5.154438661126564
7.1,1.090925831658045,5.156391259476329
7.199999999999999,1.1252139966595724,5.158320876785275
7.300000000000001,1.0805639370277664,5.160255045163198
7.4,1.1051020017290414,5.162228520961412
7.5,1.0971980761548648,5.164170935908047
7.6000000000000005,1.100785551545074,5.1661389428809095
7.699999999999999,1.0896793417528132,5.168101797626088
7.800000000000001,1.0819714942233312,5.170078564000476
7.8999999999999995,1.0651810507419566,5.172092599046198
8.0,1.0599897084638683,5.174144402395973
8.100000000000001,1.0775262404747605,5.176170029460955
8.2,1.0402216066903776,5.178151175727597
8.3,1.0279063221238793,5.180160566478568
8.4,1.0110688060202748,5.182164006357485
8.5,1.0422913170949073,5.184203568048562
8.6,1.0369323136626176,5.186242534413298
8.7,1.015636350507641,5.188232476710161
8.8,1.018218138167967,5.190236101220191
8.9,1.0201339231810655,5.192255799437563
9.0,0.9913264579236464,5.194259348560201
9.1,1.0829438018544844,5.196254188497196
9.2,1.0900323883919798,5.198234979696899
9.3,1.1176588268886738,5.200235988078038
9.4,1.1143697626507854,5.20221763291036
9.5,1.1037479777284562,5.204213815430548
9.6,1.1456552309513643,5.206219746349822
9.7,1.2099783608002228,5.208223289219116
9.8,1.2267593163467965,5.210205584695316
9.9,1.2478350592586624,5.212230867987483
10.0,1.1577883172593073,5.2142772062023175
10.1,1.2389830862461282,5.216352418981785
10.200000000000001,1.2753283567025802,5.218426495519482
10.299999999999999,1.1705946138966383,5.220505950965841
10.4,1.1825042868412445,5.2225754913699545
10.5,1.1273689126020576,5.224662284998662
10.6,1.254928778372538,5.226749159968533
10.700000000000001,1.2881041645042846,5.2288450960683805
10.799999999999999,1.3700047044224613,5.230905270712413
10.9,1.3877853493492498,5.232941617617658
11.0,1.3481817332032706,5.234985585613706
11.1,1.1754002867733198,5.237012780638599
11.200000000000001,1.2783777575567326,5.239024596331488
11.299999999999999,1.3015507479820536,5.241019583518423
11.4,1.2551817179226783,5.243000146320376
11.5,1.2500170597556501,5.24496574094885
11.6,1.2724653848606517,5.246935107926196
11.700000000000001,1.370199584040893,5.248866148581791
11.799999999999999,1.4617732800835297,5.250797182913401
11.9,1.544622573689016,5.252740307965018
12.0,1.4284983901007897,5.254699872238505
12.1,1.4880079521906737,5.256690881957764
12.200000000000001,1.4914025954828949,5.258698133881611
12.299999999999999,1.4170996741752917,5.260682670048693
12.4,1.5071091263956917,5.262639600840802
12.5,1.6761293090843388,5.264592768981968
12.6,1.6258583461449772,5.266571135021945
12.7,1.6175527965503145,5.268558731760685
12.8,1.6758239483403057,5.270536739741768
12.9,1.7594010362724468,5.2725006609074745
13.0,1.7821459846485925,5.274473319211762
13.1,1.82008400591983,5.276435667534161
13.2,1.6858437336546472,5.278400702589861
13.3,1.8241581854028437,5.2803519041017095
13.4,1.8350287362198356,5.282240884092771
13.5,1.7613518142289115,5.2841476920231525
13.6,1.903490899852155,5.2860730737110035
13.7,1.7377060873104724,5.288045469636163
13.8,1.629771497371533,5.2900422492683665
13.9,1.7404543968909003,5.292030280199828
14.0,1.5079425016760586,5.294009424657486
14.1,1.3775615325421802,5.295993833417035
14.2,1.4132335475181075,5.297966253966076
14.3,1.3513466585166927,5.299943724883396
14.399999999999999,1.4083461684429286,5.301908556630368
14.5,1.4935187065949922,5.303895854911135
14.600000000000001,1.3477491156818555,5.305920948154609
14.7,1.388568151382208,5.307927969990311
14.8,1.47434279513633,5.309925551182706
14.899999999999999,1.6125298371618826,5.311954947406496
15.0,1.6134798850844303,5.313995989943653
15.1,1.5987268703793482,5.3160398575843315
15.200000000000001,1.6509998863841853,5.318092493370337
15.3,1.5573611500598088,5.320137925674247
15.399999999999999,1.7826575341741746,5.322205113579278
15.500000000000002,1.875363523062836,5.324278955993201
15.600000000000001,1.7014516081036932,5.326346561089927
15.7,1.6171212512525155,5.328426436082043
15.799999999999999,1.6595984038238798,5.330545153140244
15.9,1.7851699114001485,5.332660624487088
16.0,1.729671417070144,5.334772944519699
16.099999999999998,1.8238808718115143,5.336916419955885
16.200000000000003,1.804966115526468,5.339069262431327
16.3,1.7444347769039155,5.341198609956564
16.4,1.5784737529298944,5.343329130950673
16.5,1.6308834035729245,5.345452319950029
16.6,1.6039503062932816,5.34759262456493
16.7,1.5748704239426594,5.349769097082627
16.8,1.3643693060857907,5.352037981177617
16.900000000000002,1.5232459469391788,5.354274372624857
17.0,1.469564809788514,5.356500485516091
17.099999999999998,1.6625093080412634,5.358720231981307
17.2,1.6057939181477363,5.360956658402579
17.3,1.516635493118631,5.363185424258544
17.4,1.6337484792380923,5.365408024242071
17.5,1.8042046978524138,5.367635559695962
17.6,1.7853257637288504,5.369867515995558
17.7,1.8528681253935573,5.372096265758454
17.8,2.141802247168731,5.374300676516749
17.9,2.3668529787317136,5.376528786025553
18.0,2.6721429941216255,5.378795755461067
18.1,2.83668770398466,5.381054820647513
18.2,3.11937171942183,5.38330085030896
18.3,3.1613605317277154,5.385564561524112
18.4,3.2764439656453055,5.387803660380358
18.5,3.4461358601203798,5.390015528780186
18.6,3.5742396862680694,5.392220031535179
18.7,3.393403699026546,5.394430852108727
18.8,3.6088048128198,5.39664714613689
18.9,3.707083191152605,5.398856326600364
19.0,3.5116191493465054,5.4010431139953425
19.1,3.4724808212424265,5.403238040478492
19.2,3.4628394294023974,5.4054469747551765
19.3,3.229102261329912,5.407640950038829
19.4,3.5391172069997947,5.409853532680371
19.5,3.7383143141279507,5.412075957453335
19.6,3.6713895079254093,5.414289536751463
19.7,3.484470659587452,5.416515821190108
19.8,3.208284959052144,5.418717533824489
19.9,2.872213237385713,5.420913645726827
20.0,3.026755216520882,5.423108318339377
20.1,2.930455314923401,5.425298018020277
20.2,2.974068536737216,5.427455832851092
20.3,3.028056162500015,5.429622592479646
20.400000000000002,2.9849908756505785,5.431783905637403
20.5,2.9312449983776805,5.433934637771231
20.599999999999998,2.997921211272887,5.436108496793483
20.7,2.977726581250296,5.438279893299714
20.8,2.915614146892869,5.4404735693166035
20.9,2.5553051250379664,5.442657624191077
21.0,2.8739976616423517,5.444818997965276
21.1,2.6417247570549094,5.4469631357443165
21.2,2.4265614758276155,5.449096351817407
21.299999999999997,2.658550673740035,5.4512276891081575
21.400000000000002,2.3961943965069636,5.4534035692846805
21.5,2.5295226004510667,5.455568629895055
21.599999999999998,2.3501477871278396,5.4577535927581975
21.700000000000003,2.3788349446179904,5.459919871280203
21.8,2.6370615615725757,5.462101749098138
21.9,2.6300974050203045,5.464243746890103
22.0,2.9263318121421027,5.46640866516204
22.1,2.675740854822847,5.46857358430114
22.2,2.790758137217572,5.470704375480405
22.299999999999997,2.7161992671535358,5.472824181357071
22.400000000000002,2.81200708401979,5.474972206793062
22.5,2.627820952011532,5.477120922279014
22.599999999999998,2.776400813353328,5.479282792321177
22.700000000000003,2.566793283656933,5.481472047572391
22.8,2.539243275867042,5.483636099328337
22.9,2.2542918795777194,5.4858044532917205
23.0,2.3205268645332366,5.487976913422782
23.1,2.399249769659348,5.490145291402003
23.2,2.2110276306741756,5.49232683925411
23.299999999999997,2.3090278616625386,5.494459805915932
23.400000000000002,2.1861890909660584,5.496583266555745
23.5,2.033443277119797,5.498716947438549
23.599999999999998,1.80687993239282,5.500847693110347
23.700000000000003,1.7651527916610434,5.502985865345666
23.8,1.8017640439028917,5.50517190169972
23.9,1.8641485377120446,5.50731424970164
24.0,1.6821919118525255,5.509461777617777
24.1,1.7205956918068765,5.511625489972095
24.2,2.142869483453329,5.513817745796236
24.3,2.238853143454197,5.516029556130883
24.400000000000002,2.198723896179936,5.5181818334803445
24.5,1.8535884364218993,5.520377316604304
24.599999999999998,1.866898809920244,5.522555933285713
24.7,1.9453972689003474,5.524753272658656
24.8,1.9327601474169291,5.526962402094349
24.9,1.9090276647367665,5.5291772510054225
25.0,1.8973710682200715,5.53140812421934
25.1,1.819721332338021,5.533631716260274
25.2,2.0735875365299696,5.5358020386864615
25.3,2.244674433611816,5.538010002959596
25.4,2.0192194125302088,5.5402159558755635
25.5,1.9054522168110113,5.54244802293989
25.6,1.8013413113522536,5.544697465175944
25.7,1.7225772162234738,5.54697273641665
25.8,1.61863839861096,5.549273726031993
25.9,1.5280896276634828,5.551552584074488
26.0,1.5547642519726552,5.553853443319144
26.1,1.6709321078291117,5.556128981857598
26.2,1.5561488106820631,5.5583410193147245
26.3,1.5618109156565887,5.5605576399378585
26.4,1.791964703826542,5.562765092210505
26.5,1.7372096968513326,5.564923142348142
26.6,1.7005258938509902,5.567092193803126
26.7,1.6493920666667359,5.569291638013901
26.8,1.6503618783433367,5.571509284165858
26.9,1.719147660660699,5.573730650706235
27.0,1.720188242144764,5.57592376137825
27.1,1.768004319605699,5.578105122421285
27.2,1.893250678237914,5.580294640997888
27.3,1.88412651946532,5.582435112199091
27.4,2.000178613488684,5.584598084799782
27.5,1.9568834316866206,5.5868150763335445
27.6,1.865372439059872,5.589030993213777
27.7,1.7961102356939782,5.591261763853393
27.8,1.8496449220235351,5.593478216706337
27.900000000000002,1.6824145847043248,5.5956924402755845
28.0,1.7319210666383322,5.597866484732423
28.099999999999998,1.6542685097030108,5.600045729889919
28.2,1.639366219717816,5.60221876990808
28.3,1.7322494422513173,5.604425063290052
28.4,1.6682148908376064,5.606650065599289
28.5,1.7603513249941094,5.608866105501605
28.6,1.864813880431091,5.611013925076145
28.7,1.897853741422617,5.613167517081069
28.799999999999997,1.906766751273774,5.615307031417863
28.900000000000002,1.8610760248799922,5.617434542134424
29.0,1.926366859915658,5.61957715115209
29.099999999999998,1.7889761566173399,5.621685601435758
29.200000000000003,1.75499362676018,5.6238264043548
29.3,1.7672291654853285,5.625942273180116
29.4,1.7631845655110798,5.628069821049405
29.5,1.7313403365949234,5.630147375689689
29.6,1.714691238340663,5.63222535742898
29.7,1.7519782357703235,5.634303633330048
29.799999999999997,1.7138868225019142,5.636397681703917
29.900000000000002,1.705286439023098,5.63849941144362
30.0,1.7766796026173493,5.640650865579709
30.1,1.8181297646880175,5.642814781304018
30.2,1.8156884043008812,5.644982024039726
30.3,1.7812596879021432,5.647183854614737
30.400000000000002,1.7974057393141234,5.649373606798028
30.5,1.7870469645979443,5.6515833183252475
30.6,1.7723112927093232,5.6538209275443805
30.700000000000003,1.7731355276527305,5.656110230584411
30.799999999999997,1.7737118823554348,5.658415429801967
30.900000000000002,1.7832740031487866,5.660770028578444
31.000000000000004,1.7835091948477357,5.663154153119245
31.099999999999998,1.7747230523241513,5.66552670558798
31.200000000000003,1.7776860925952256,5.667923312448149
31.299999999999997,1.7762393201044278,5.6703626542008445
31.4,1.771390815114777,5.672815133741934
31.5,1.768066401014699,5.675267225019584
31.599999999999998,1.7672566994602068,5.677755050561229
31.7,1.7618333841659999,5.680244579681332
31.8,1.7605957331809292,5.682742399205159
31.9,1.7531244666116668,5.685234886377751
32.0,1.7471686751606745,5.687742744357682
32.1,1.7412581382604104,5.690229779646498
32.199999999999996,1.710830892735665,5.692670034806501
32.3,1.6480710394146811,5.695111408277855
32.400000000000006,1.6609874088086842,5.697555623851354
32.5,1.6572882310244839,5.699989009486919
32.6,1.6536613742805895,5.702422524037084
32.7,1.6886142480393571,5.704826702074867
32.8,1.6950574533406697,5.7071955283018685
32.9,1.666488904612381,5.709550153569845
33.0,1.7005629142560736,5.71190570817962
33.1,1.7451272542768013,5.714306136721326
33.2,1.789942485142287,5.7166965684162765
33.300000000000004,1.8150580074242386,5.719098281723782
33.4,1.863651306791591,5.721542515671254
33.5,1.739384650565323,5.723978960707204
33.6,1.7679593801016042,5.7264347770829005
33.699999999999996,1.7542129661206252,5.728868854244327
33.800000000000004,1.7104689039405359,5.7313304311339115
33.9,1.7002357765517981,5.733812214983149
34.0,1.562746655708844,5.7363240269566
34.1,1.517327663451715,5.7388702692006754
34.199999999999996,1.570480544289559,5.741377002978911
34.3,1.6029226569129027,5.743884347561487
34.4,1.6702402898900364,5.746443935217415
34.5,1.612358645655928,5.749024267825831
34.6,1.525627075700632,5.751656995119678
34.7,1.4274085873066948,5.754310877077274
34.8,1.4426584769631088,5.756995222887383
34.9,1.3931419225716162,5.75966664694149
35.0,1.3790215888943285,5.762352775614453
35.099999999999994,1.4394418599188,5.765061205504932
35.2,1.3920927004813848,5.767760625482305
35.300000000000004,1.3551711983820633,5.770417051966726
35.4,1.4981351315255578,5.773117992188938
35.5,1.3768754006536357,5.77588528622918
35.6,1.3221876762658868,5.778630871543522
35.699999999999996,1.2737987894631704,5.781366572481215
35.8,1.3609002037502484,5.7841538799206615
35.900000000000006,1.4113678809002046,5.786906532155106
36.0,1.3246658134175402,5.789692702447118
36.1,1.3974058202883495,5.7924502628094094
36.2,1.537164929721353,5.795247081033455
36.3,1.5843890026285739,5.798057896561311
36.4,1.5705244703098291,5.80086751359085
36.5,1.6931194076493334,5.803640157222208
36.6,1.5642149751301289,5.806386431382592
36.7,1.4601143948373516,5.809087278012244
36.8,1.3173815139337792,5.811779049991715
36.9,1.2312491564864618,5.814482140416433
37.0,1.1301923953184898,5.817165937464987
37.099999999999994,1.02107130379486,5.819793851401186
37.2,1.0247992463444897,5.8224650374018045
37.300000000000004,1.035652003474491,5.825134282224544
37.4,0.9157668640592267,5.82780612626903
37.5,1.0631653742758842,5.830479956424724
37.6,1.077753519805363,5.833199415220441
37.699999999999996,1.076352090473847,5.835895501368547
37.8,1.247658199051039,5.838540590796261
37.900000000000006,1.112861620100438,5.841184359751605
38.0,1.1103791749470682,5.843847292356852
38.1,1.1811679682778629,5.846474189923569
38.2,1.0352113484546734,5.849098465892292
38.3,0.9469116066386706,5.851748524389751
38.4,0.9664452923704694,5.854413463189992
38.5,0.8295875595183142,5.857082200633022
38.6,0.724986009013788,5.859780128742894
38.7,0.7555446228901765,5.862480204086195
38.8,0.641924875551899,5.865162939950203
38.9,0.6611480796533727,5.8678505229767906
39.0,0.4930800954444593,5.87057025304148
39.099999999999994,0.40353891015958004,5.873316567622825
39.2,0.488497344504685,5.87608372443603
39.300000000000004,0.5282393153653623,5.878854239341452
39.4,0.5360148326335987,5.881633786998871
39.5,0.5344023967521887,5.8844547153114375
39.6,0.6305063817202193,5.887243561892508
39.699999999999996,0.7511823972465409,5.890009515578145
39.8,0.7589711853483909,5.89279809140957
39.900000000000006,0.8703706698026871,5.8955815385089885
40.0,0.7759726363318318,5.898365811655025
40.1,0.6683153879610042,5.901144671825267
40.2,0.687272525122293,5.903943473724871
40.3,0.7016039561615275,5.906691652710041
40.4,0.7767979234141367,5.9094346015894255
40.5,0.8479855332883954,5.912210260166178
40.6,0.6677193111805549,5.914989497184235
40.7,0.5230360979102852,5.917745827179857
40.800000000000004,0.3957568554592852,5.920485473857488
40.9,0.4474695348654658,5.923239146419424
41.0,0.6136466438507592,5.925968525356363
41.1,0.4320725438372886,5.928678322814303
41.199999999999996,0.6471331934601631,5.931352126137804
41.300000000000004,0.6048024487058101,5.934036287358891
41.4,0.45836467804541686,5.936817060824967
41.5,0.3877192415807,5.939591385135413
41.6,0.2808073271671695,5.942345638026691
41.699999999999996,0.2633026797315931,5.945078825908144
41.8,0.1864082396379934,5.94777125493424
41.9,0.18211977487684805,5.950441062702327
42.0,0.16888345168693825,5.953125742052261
42.1,0.19966732478251925,5.955795433099066
42.2,0.23697805377051334,5.958435174948226
42.3,0.20815079409043635,5.961101312049579
42.4,0.3153974034851175,5.963838905806097
42.5,0.3419939219610212,5.966585537442461
42.599999999999994,0.26855521960901896,5.9693365981267785
42.7,0.22126151750204645,5.972061593514359
42.800000000000004,0.2274113533683522,5.974802542491801
42.9,0.399246043379526,5.9775548038766635
43.0,0.36018228039620265,5.980286286618575
43.1,0.4166263816555331,5.9830183155221
43.199999999999996,0.3564699754109195,5.985675349243516
43.3,0.30791008877257453,5.98837255691219
43.400000000000006,0.3336716527418137,5.991052678010653
43.5,0.23769224587841128,5.993737755107012
43.6,0.30726286449647605,5.996420438912496
43.7,0.3488943438849029,5.999147989427387
43.8,0.33896294336447075,6.001870886957746
43.9,0.3840009744501054,6.004591498733737
44.0,0.38125059151434626,6.007271293373826
44.1,0.48727912740147394,6.009968474650813
44.2,0.6449127992725896,6.012627347679415
44.3,0.5999106557601723,6.015269530227874
44.4,0.5925770662102261,6.01786876708448
44.5,0.4505867288467945,6.0204491019409145
44.599999999999994,0.45620994411453153,6.023041278576321
44.7,0.3854837241942435,6.025650712722627
44.800000000000004,0.41804028839808355,6.028216268264751
44.9,0.46551987939523376,6.030798115908951
45.0,0.4197000234444025,6.033358518181389
45.1,0.36665548021815647,6.0359156211332605
45.199999999999996,0.3522903623992096,6.0384992270731095
45.3,0.4102761515475227,6.041112440847435
45.400000000000006,0.44578271608236975,6.043705355133356
45.5,0.5521775377306283,6.0463208261304136
45.6,0.5471548014718218,6.048937056552998
45.7,0.4035329146895651,6.051544185952062
45.8,0.2807325806565729,6.0541370308895095
45.9,0.25646291689880346,6.056664280129608
46.0,0.24462552167833507,6.059151663333436
46.1,0.23807427251491026,6.06161633174512
46.2,0.2315581856152387,6.06408736499035
46.3,0.233557468600586,6.0665671154923375
46.4,0.2339238156993439,6.069049699901725
46.5,0.23280821072526575,6.071530678837796
46.599999999999994,0.2559978083013472,6.074004192279056
46.7,0.26286591902822676,6.076484830793966
46.800000000000004,0.27145803019346343,6.0789460252864504
46.9,0.2925854505044989,6.081419194222343
47.0,0.30723946337730845,6.0838955168922615
47.1,0.2844828737130831,6.086359462573212
47.199999999999996,0.2755410392988321,6.088803818715328
47.3,0.27334592351384457,6.091248567539384
47.400000000000006,0.2957671729300195,6.093721211810168
47.5,0.2937805911846704,6.096184137884761
47.6,0.32425983237378264,6.098593286347896
47.7,0.34073503079445044,6.100989886146152
47.8,0.42081329314579213,6.1033759412467825
47.9,0.39628381762992193,6.105764272902392
48.0,0.4052840503300106,6.108135082994657
48.1,0.41023579041447955,6.11053116182855
48.2,0.4146690945410685,6.112887978493261
48.300000000000004,0.44327480500940686,6.115279376768574
48.4,0.42075473897515236,6.117632952367094
48.5,0.4510417874127793,6.119979514390302
48.6,0.43435602819928665,6.122266981729479
48.699999999999996,0.4672028760159355,6.124525224625088
48.800000000000004,0.43261971692145074,6.126787492303166
48.9,0.38343563607991166,6.1290509077436575
49.0,0.3880734969509196,6.131274407389499
49.1,0.368959988069734,6.133536006226059
49.199999999999996,0.3704677614099541,6.1358375720388
49.3,0.3808167329745886,6.138083001624393
49.4,0.3701401018444411,6.1403334086876376
49.5,0.3756702156407715,6.142569440573253
49.6,0.3883620051849365,6.144794070919319
49.7,0.38998768160613,6.147023591557118
49.8,0.4121884465602789,6.149245213123501
49.9,0.4323987725547001,6.151411371580471
50.0,0.41071362452482696,6.153458103540541
50.099999999999994,0.39011998401835424,6.155552987481922
50.2,0.38356043692019415,6.157649610298713
50.300000000000004,0.38088989685629976,6.159776801671643
50.4,0.378451357088459,6.161867559520441
50.5,0.3776662397954299,6.163930571315298
50.6,0.3725854073009101,6.165983458070008
50.699999999999996,0.36954656587100904,6.168000177236646
50.8,0.3687320610391068,6.170020574512333
50.900000000000006,0.3625857781096925,6.172029202796083
51.0,0.36344364076453056,6.173993101039985
51.1,0.3930376588585007,6.175964129106929
51.2,0.3845051804434597,6.177955950322543
51.3,0.44434699821134266,6.179972562721913
51.4,0.4334511342843317,6.18195906785846
51.5,0.3948848459557259,6.183974872641718
51.6,0.3880394772834698,6.185984366077057
51.7,0.3802537702341281,6.188007591526469
51.8,0.36828926599887224,6.190041960151918
51.9,0.36789953076350873,6.1920725203089075
52.0,0.3593586833523322,6.194070366188642
52.099999999999994,0.36323330267940857,6.196028117007484
52.2,0.3227220735218311,6.197975469790966
52.300000000000004,0.3336047599829503,6.199918205360734
52.4,0.35423447445363043,6.201843521900103
52.5,0.3334045979312412,6.203805787828318
52.6,0.3368993069486151,6.2057587851333125
52.699999999999996,0.32515644845311303,6.20770234208652
52.8,0.3333882949681535,6.2096916478389526
52.900000000000006,0.3813135229839742,6.211685785830509
53.0,0.35219873926307876,6.213691818613395
53.1,0.3539989034004274,6.215680297112853
53.2,0.44032228612484176,6.2176963510575725
53.3,0.46601413626460264,6.219676408183141
53.4,0.4954435504496658,6.221627615616598
53.5,0.35573054583039004,6.223587657138254
53.6,0.32515068238500544,6.22553079952697
53.7,0.33095542397737415,6.227443085884572
53.8,0.34891975857312335,6.229313524208284
53.9,0.3436643582752014,6.2311753898929
54.0,0.31673111164473233,6.233043202161505
54.099999999999994,0.3090034564944189,6.234852569357584
54.2,0.3699115669991176,6.236645927274395
54.300000000000004,0.30126105276176934,6.238411379607591
54.4,0.37139066178371877,6.240181487873823
54.5,0.3466270042020237,6.241942531510462
54.6,0.4236733918840009,6.243644634927214
54.699999999999996,0.3953292196312865,6.245331978465262
54.8,0.45197245490687354,6.246973015094466
54.900000000000006,0.4198380792323528,6.2485796969406175
55.0,0.37904514707598647,6.25016930507375
55.1,0.3132540992667519,6.251744864111034
55.2,0.38857767138937443,6.25328799592583
55.3,0.2806262126427968,6.254798502491784
55.4,0.34108676374866914,6.256225490533699
55.5,0.41473512713904287,6.257579267385681
55.6,0.3668802060007472,6.258919757136089
55.7,0.2819397025930261,6.260274117617164
55.800000000000004,0.3166937769193812,6.261628151687446
55.9,0.331786636706464,6.262978781523167
56.0,0.2914955348092286,6.264332657887286
56.1,0.2823566322717566,6.265684157281082
56.199999999999996,0.3197219902249322,6.267010327939578
56.300000000000004,0.45059780922739406,6.268373463209887
56.4,0.4402903165613654,6.269763904020926
56.5,0.49508958376766266,6.2711280314143085
56.6,0.37491174425835366,6.272500008206882
56.699999999999996,0.5527417779468646,6.273833436734537
56.8,0.7104061248948923,6.2751895871363725
56.9,0.8027763945432118,6.276529337777758
57.0,0.8293501031181904,6.277805972799184
57.1,0.6400038702371456,6.279078615199193
57.2,0.9337460074832508,6.2803497180518395
57.3,0.5987827337843166,6.28161676049871
57.4,0.5441878698487768,6.2828794732429
57.5,0.49707451981547746,6.284104220570505
57.599999999999994,0.5506755884520333,6.285350326012113
57.7,0.4871611754567963,6.286597560439905
57.800000000000004,0.49932035122492113,6.287841709670068
57.9,0.42975569291643057,6.2890082650944725
58.0,0.4200987276915258,6.290174459044102
58.1,0.4980138549939034,6.291310534840723
58.199999999999996,0.38441154867241967,6.292406941420189
58.3,0.28747922402003495,6.2934761200588
58.400000000000006,0.277345619835686,6.294499192085062
58.5,0.3337868415729498,6.295477174388432
58.6,0.27191982545458987,6.296432273514649
58.7,0.2724615906820552,6.297410305771614
58.8,0.26991348928053827,6.298385248406242
58.9,0.27182960125258876,6.299328186148585
59.0,0.26525138803532233,6.300237598247841
59.1,0.27298005259345964,6.301141960946372
59.2,0.28865162999886257,6.3020358208454414
59.3,0.27280419470932366,6.302894406023596
59.4,0.2943591119519842,6.303747583230136
59.5,0.26536079164951565,6.304578566921026
59.599999999999994,0.2619317408923955,6.30532093760484
59.7,0.2589137233870785,6.306028224665234
59.800000000000004,0.2607719393776782,6.306725310018126
59.9,0.2680938742994518,6.307373464587628
60.0,0.2520946157807865,6.30799984437598
60.1,0.30170159257618534,6.308609659267496
60.2,0.2837961556292927,6.309177492844502
60.3,0.2643046747681445,6.309748756022464
60.4,0.2382670161353588,6.31028835265318
60.5,0.2383949451630048,6.310801864354656
60.6,0.24392054631693633,6.311343512519486
60.7,0.2510675389072879,6.311845308744796
60.800000000000004,0.2443819868842184,6.312336591360293
60.89999999999999,0.23869009886953096,6.31282261042912
61.0,0.25460915752558244,6.313300612688259
61.1,0.26013161595930323,6.3137495316693455
61.2,0.3029909041732181,6.314214067372826
61.300000000000004,0.26973284472473835,6.314711101141236
61.400000000000006,0.29577083624270384,6.315113332444938
61.49999999999999,0.3134864449254742,6.315490708400184
61.599999999999994,0.3847194907131417,6.315832061323528
61.7,0.31630057089293306,6.316164727556727
61.800000000000004,0.31464427595329414,6.316466830436685
61.900000000000006,0.22764010382549474,6.316737253893924
62.00000000000001,0.22541114008417015,6.317012142313889
62.099999999999994,0.19560577552803843,6.317290589595615
62.199999999999996,0.15267557778416288,6.317566868689317
62.3,0.15941392489022832,6.3177926792078205
62.400000000000006,0.18876429434725786,6.318007476967675
62.50000000000001,0.12302481570756323,6.318182547168233
62.599999999999994,0.1979674073965477,6.318388010678083
62.699999999999996,0.12261936612167511,6.318559147353639
62.8,0.2140457959017183,6.31877107614834
62.9,0.16390187666361647,6.318993266901215
63.0,0.15619302765721738,6.319165191367495
63.10000000000001,0.11200593404024663,6.319326398970244
63.199999999999996,0.1142875095488146,6.3194749669904215
63.3,0.11588814308133286,6.319579430734865
63.4,0.1448881200768322,6.319695112344011
63.5,0.15829458048890813,6.319812515848999
63.6,0.12643113051269114,6.319880421175928
63.7,0.17748935874718327,6.319965071059059
63.8,0.13473029736921824,6.320065668808891
63.9,0.22750420363225166,6.320104678215913
64.0,0.16517028654206198,6.320138310586647
64.1,0.15310730942089668,6.320135158893809
64.2,0.11074242900757239,6.3201002709801575
64.30000000000001,0.123685269157708,6.320081282443851
64.39999999999999,0.08917454415136886,6.320094113507294
64.5,0.09852129365694931,6.32015472659577
64.6,0.16096370874839358,6.320189826975672
64.7,0.3294450477375679,6.32020351390724
64.80000000000001,0.38174517402366315,6.320218986439278
64.9,0.45350827298242646,6.320280953828584
65.0,0.44293019003793854,6.320287835909291
65.1,0.4575421157238996,6.320218554086594
65.2,0.553732216689835,6.320119545331424
65.3,0.6255675273925699,6.320036799083432
65.4,0.6780133978052608,6.319921443993102
65.5,0.49223897262739147,6.319809073704581
65.6,0.5646065939116196,6.319669734307696
65.7,0.5793887625635097,6.319528355049276
65.8,0.4967118631320607,6.319372872954208
65.9,0.285647834586402,6.3191755324134125
66.0,0.283363173589562,6.3189530130332034
66.1,0.32967135045084,6.3186805160978174
66.2,0.3526861148621234,6.318414318962183
66.3,0.3232295896648964,6.318152499010727
66.4,0.31865595747510855,6.317872018211525
66.5,0.6326592237687814,6.317595864062983
66.60000000000001,0.6973969208869806,6.317355888617147
66.69999999999999,1.0634843206295435,6.317097582908721
66.8,1.0128117245129162,6.31686140663937
66.9,0.9690064796622389,6.316598189535126
67.0,1.2505053053156263,6.316271004977199
67.10000000000001,1.4088626794311607,6.315949420482998
67.2,1.9267340960675925,6.315612034000523
67.3,1.9906182777423034,6.3152655637838935
67.39999999999999,1.8731173866507806,6.314847259835347
67.5,1.8308480059426604,6.314356057796254
67.60000000000001,1.2094160432931413,6.313820667393539
67.7,1.3355268020540036,6.3132546179017295
67.8,1.5174062621650541,6.312657817261418
67.89999999999999,1.8018042520019377,6.312016770264762
68.0,1.9844532830857304,6.311330795337498
68.1,2.034673376361509,6.310612890689637
68.2,1.451730324945915,6.309918195880499
68.30000000000001,1.6412098951083294,6.309238485325967
68.39999999999999,1.2430261951909103,6.308522195744917
68.5,1.2347120495939783,6.307757903133367
68.6,1.186347558544258,6.307038771500347
68.7,1.1608159521228285,6.30631290295687
68.8,1.2397872698622119,6.305592904743102
68.9,1.1259609976474336,6.304849611198494
69.0,1.2588558949746418,6.304053551400332
69.1,1.3724151220477534,6.303262947059412
69.2,1.0634195073379205,6.302432074395672
69.3,1.0665321226689666,6.301648370650388
69.4,1.1665003343695417,6.300854288446722
69.5,1.342359082716796,6.299979071328133
69.6,1.6557893102165122,6.299086801355876
69.7,1.6407242420035784,6.2981723354502455
69.8,1.5052572396136268,6.297230854948904
69.9,1.1528585661675728,6.296308583271969
70.0,1.0827045115131122,6.295350681871897
70.1,1.3571208692150007,6.294353005713729
70.19999999999999,1.1378460985489751,6.293311676387034
70.3,1.088454746754887,6.292259722743077
70.4,0.9910985125848553,6.291177350638882
70.5,0.7412872658578101,6.290049291804315
70.60000000000001,0.6843555482074127,6.288914803717606
70.69999999999999,0.6604416313804005,6.287726328222895
70.8,1.0079970154395386,6.286560123769942
70.9,1.3416174907827574,6.285452091514668
71.0,1.4187503051056523,6.28432113586711
71.10000000000001,1.4825042104009332,6.283170981559021
71.2,1.2380270124675221,6.281984558596147
71.3,1.1208757498103357,6.280747993217514
71.39999999999999,1.5436442406282755,6.27949210180666
71.5,1.5498753081760999,6.278169890251017
71.6,1.7407755021928342,6.276808391815335
71.7,2.0420331051727043,6.27542404818323
71.80000000000001,2.210206989153668,6.27400687381137
71.89999999999999,2.3304722202714787,6.272558332763503
72.0,2.694737258186219,6.271120205807739
72.1,2.3558259816787257,6.2697009874921905
72.2,1.96765016965652,6.268242741683436
72.30000000000001,2.2951489648878507,6.266781549655516
72.4,2.832235839683198,6.265285170719091
72.5,2.99311558872391,6.263809991865116
72.6,2.778007613803248,6.2622819956347335
72.7,2.871010430958746,6.2607287410134695
72.8,2.5452297088066254,6.259130753337072
72.9,2.584317458332325,6.2575057406216565
73.0,2.4259679922790833,6.255853835737639
73.1,2.609235127259075,6.254136507198528
73.2,2.639537973891495,6.252384718708027
73.3,3.071445123538307,6.250613664637411
73.4,2.879032873749842,6.248808474626344
73.5,2.888460649703958,6.247027871648222
73.6,2.402374349323937,6.245207745781954
73.7,2.04189512260465,6.243363056752681
73.8,2.1067984543450615,6.241554054673012
73.9,2.062533656800994,6.239728898301844
74.0,2.1350215215591444,6.237868794168929
74.10000000000001,1.9008806938109026,6.236029229450142
74.19999999999999,1.8798931781392252,6.2341754000244745
74.3,1.7845589896399685,6.232340240092299
74.4,1.8986209404541128,6.230513813179398
74.5,2.0459417365754433,6.228611925829521
74.60000000000001,2.1786010036246557,6.226664614707828
74.7,2.105073859909221,6.224752827854123
74.8,1.8811548356619778,6.222805972028176
74.89999999999999,1.8845419414364417,6.220792553102238
75.0,1.578441724316317,6.218766818595762
75.10000000000001,1.393531303010242,6.2167024668163195
75.2,1.5435949652045704,6.21454703141749
75.3,1.7747070441194865,6.212336585690094
75.39999999999999,1.9219455453788516,6.2100782340764775
75.5,1.8771697275712682,6.207873431598415
75.6,1.6924943059682667,6.205669895601208
75.7,1.596502014969235,6.20341501479486
75.80000000000001,1.3340467351390963,6.201221606590365
75.89999999999999,1.310381031776115,6.198974191038988
76.0,1.097355646652436,6.19667615808171
76.1,1.193120876983447,6.194294911072892
76.2,1.2543721235245875,6.191879999133744
76.3,1.169740395174825,6.1894257202131575
76.4,1.086818302730904,6.186978666163595
76.5,1.0787726206978363,6.1845147181351185
76.6,1.0186616043595325,6.182026812801346
76.7,0.9910352743187553,6.179514077606382
76.8,1.0153757170572364,6.177002045335297
76.9,1.0333145895777978,6.174486094782425
77.0,1.1603256443879433,6.172006394149622
77.1,1.190531929223698,6.1694447876653795
77.2,1.0631035683929495,6.166860077849558
77.3,1.054298533713426,6.164271600048045
77.4,1.1879650572365397,6.161685732048025
77.5,1.275124479654556,6.159001359218704
77.6,1.493779218817573,6.156304908594826
77.69999999999999,1.3629821710114738,6.153564515321149
77.8,1.4248358352691595,6.150785658980443
77.9,1.3409679046379717,6.1479925871615615
78.0,1.2993922739659087,6.145199278482364
78.10000000000001,1.3659282908084633,6.142378828612289
78.19999999999999,1.2886823879238127,6.139581660392002
78.3,1.390130460038855,6.136765624340869
78.4,1.3353626686440494,6.134000352102811
78.5,1.3105627744105988,6.131233129510064
78.60000000000001,1.346024849843043,6.12845266420815
78.7,1.3211519370481066,6.125651567882114
78.8,1.3463367123709138,6.122809733114844
78.89999999999999,1.418850558978624,6.120008120210005
79.0,1.6415926721225236,6.117216197577754
79.1,1.7283143081022827,6.114394835265678
79.2,1.7412852079049932,6.111505829423454
79.30000000000001,1.9778134322300929,6.108583561572546
79.39999999999999,2.3707384536295466,6.105619463193663
79.5,2.3419238803274016,6.102649687687812
79.6,2.5149745725502104,6.099701446971606
79.7,2.1291374433032972,6.096717001051041
79.80000000000001,2.3130958633086283,6.0936806993011885
79.9,2.249144310529316,6.090621361736645
80.0,2.1742877116301265,6.08752608976937
80.1,2.04089543519095,6.084383211287099
80.2,1.8264664476778962,6.081280016077088
80.3,1.7253601735233242,6.078182353339961
80.4,1.834484555487702,6.075044364904698
80.5,1.7594395646728889,6.071887357848915
80.6,1.991653083527496,6.068674492952439
80.7,2.154621212247619,6.065500704538206
80.8,2.1934099762095842,6.062336840808232
80.9,2.443883612946583,6.059192445006457
81.0,2.485095854672458,6.056005380439025
81.1,2.479609632131484,6.05276354080184
81.2,2.648955689210322,6.049545249847713
81.3,2.5368796337511617,6.046293491169554
81.4,2.51382852092564,6.043007456177336
81.5,2.4835364135793268,6.03972917884332
81.60000000000001,2.539788294501488,6.036440730107171
81.69999999999999,2.484435867296031,6.033102971290986
81.8,2.873142103844632,6.029738787019216
81.9,2.7349242053637357,6.026347443783133
82.0,2.325986462152834,6.022958535061778
82.10000000000001,2.0866672988641284,6.019538680590899
82.2,2.455535038746764,6.016115746616857
82.3,2.262420202689794,6.012663042160189
82.39999999999999,2.537568547190058,6.009172934661698
82.5,2.5886346649269236,6.00562021336343
82.60000000000001,2.547021970133945,6.002029935069793
82.7,2.5336470069387715,5.998414461631772
82.8,2.4137121968803,5.994773574198146
82.89999999999999,2.7007513654833053,5.991107393595657
83.0,2.649004766807384,5.987415031240037
83.1,2.5962492717324968,5.983678288346287
83.2,2.522175407200778,5.979962059117328
83.30000000000001,2.3817331152455274,5.97620169872373
83.39999999999999,2.366166951117123,5.972422889767235
83.5,2.508805422108612,5.968654815369348
83.6,2.3530398342947683,5.9648941718141195
83.7,2.783155744851796,5.961108892244337
83.8,2.7872361424908525,5.957276133628127
83.9,2.3816701265315974,5.953462799874422
84.0,2.235275908123455,5.949598981045613
84.1,2.4933407202745537,5.945689179803771
84.2,2.4297926975508672,5.941765902884983
84.3,2.1992325952844345,5.937847477871573
84.4,2.1608280907374438,5.9339480424020525
84.5,2.115516282552427,5.930078299455459
84.6,2.3052637937677236,5.926143081930441
84.7,2.801474247768452,5.9221958047257655
84.8,2.7125374775778384,5.918232125369963
84.9,2.9628747593315583,5.914256029322431
85.0,3.178516174413769,5.910276380240126
85.1,2.7862193838733096,5.906303276505652
85.19999999999999,2.6255570844908633,5.902294324966742
85.3,2.3284678405144854,5.898272100395076
85.4,2.4318944221405885,5.894206324942504
85.5,2.5927325433709085,5.890141236670011
85.60000000000001,2.518068979074808,5.8860563713909615
85.69999999999999,2.6480878394209677,5.881981280815828
85.8,2.810326199188168,5.877919264958507
85.9,2.931962679888685,5.873823535216012
86.0,2.885772034849806,5.869710315571154
86.10000000000001,3.1749092443163485,5.86557423364415
86.2,3.2250261359020227,5.861427677216871
86.3,2.9814236532879317,5.8573061389620396
86.39999999999999,2.7997244153239236,5.853199924044188
86.5,2.7989037348041017,5.849072985203324
86.6,2.89787292426508,5.844904061856356
86.7,3.1706075750696354,5.840700733661504
86.80000000000001,3.5433040771483153,5.836516516544132
86.89999999999999,3.573757783424936,5.8323261091453364
87.0,3.5815438057515063,5.82812268022943
87.1,3.6974594402902237,5.823894279238665
87.2,3.6896219782675725,5.819619729960501
87.30000000000001,3.507209714115863,5.815337875632764
87.4,3.228127654853632,5.811071581967053
87.5,2.9897131178979928,5.806824548811019
87.6,3.108348601922603,5.8025445681118635
87.7,3.0234361426428964,5.798214482514921
87.8,3.127712910932957,5.793870045745273
87.9,3.24530091008017,5.789530613007636
88.0,3.0431105469986783,5.785163951291268
88.1,2.8409627843935907,5.780734715579772
88.2,2.7938641008402674,5.77626450772567
88.3,2.624101362164654,5.77177667350604
88.4,2.5053838225312,5.767209918619704
88.5,2.3608765098421625,5.762609459743216
88.6,2.6445200132280164,5.7579894765274515
88.7,2.4802862069130023,5.753340117903189
88.8,2.590769616503037,5.748663011056702
88.9,2.4923955730936647,5.743973803874851
89.0,2.5374770412985344,5.73928822911463
89.10000000000001,2.5300613896966224,5.734534236924565
89.19999999999999,2.4229036488026607,5.729775141324417
89.3,2.5531133428045987,5.724993454915925
89.4,2.600603735105633,5.720196697917904
89.5,2.360989861007762,5.715426007743957
89.60000000000001,2.1509658247484427,5.710689017170083
89.7,2.207877892311833,5.705920356664945
89.8,2.361905311382242,5.701154664295272
89.89999999999999,2.1154518744571416,5.696363134200946
90.0,2.324035313866545,5.691514363668859
90.10000000000001,2.3942301429915687,5.686671068523924
90.2,2.3220347619360164,5.681795105526445
90.3,2.099445802494128,5.676863123641512
90.39999999999999,2.1777774665124174,5.671907602432332
90.5,2.1942213258192087,5.666911008189789
90.6,2.539333326619469,5.661909743512481
90.7,2.453077122666197,5.656843820953777
90.80000000000001,2.812247892168239,5.651718395639463
90.89999999999999,2.931665632247529,5.646550732794002
91.0,2.9779391125546875,5.641370174584614
91.1,3.259635415793395,5.636139958945135
91.2,3.2125128289439617,5.63084140819048
91.3,2.9930716311929775,5.625536568511007
91.4,3.3741490957715796,5.6202422107766745
91.5,3.568232103797348,5.614898674131593
91.6,4.0802522649891015,5.609558374389215
91.7,3.5872808137408336,5.604174638068834
91.8,3.6243266635895917,5.5987709253294105
91.9,3.40520470676117,5.593322637500566
92.0,3.3460418410574144,5.58784027619963
92.1,3.3859160038133576,5.582315199466509
92.2,3.196002978058789,5.576771537527086
92.3,3.296399355106184,5.571243328266602
92.4,3.7089491299177646,5.565714334634749
92.5,3.5113604740528834,5.56014258880858
92.6,3.6301740042942345,5.554544001878543
92.69999999999999,3.7945745398780235,5.548907182189971
92.8,3.843329313925777,5.5432477425505144
92.9,3.749935900222878,5.537552172470628
93.0,3.841391816557858,5.531818759406267
93.10000000000001,3.8814646097396923,5.52605990766424
93.19999999999999,3.5097059409993165,5.520264169975704
93.3,3.4191345925088283,5.514478446178097
93.4,3.6883564401819973,5.508666782230008
93.5,3.5294734921874915,5.502801984610042
93.60000000000001,3.490475502085208,5.496902273631276
93.7,3.825646649251909,5.490995719058018
93.8,3.7959871198353548,5.485048039952919
93.89999999999999,3.395755647572193,5.479033146466233
94.0,3.6392742948945793,5.4730365413701385
94.1,3.388375114626829,5.466990361821054
94.2,3.415202314656025,5.460921832137951
94.30000000000001,3.160745555497199,5.454826492048809
94.39999999999999,3.2011566661233912,5.448698920430825
94.5,3.2332174729586836,5.442578117949172
94.6,3.15732876090626,5.436431173950909
94.7,3.281777569053205,5.430284411052791
94.80000000000001,3.637650167902771,5.424161018724725
94.9,3.8132516443952293,5.418003592243684
95.0,3.4888185665947375,5.411774671811004
95.1,3.59890683079516,5.405518560564991
95.2,3.509491468694606,5.399281165538952
95.3,3.6448662928872317,5.393025327720176
95.4,3.5937462079177362,5.386786558993961
95.5,3.6455949513135435,5.380531166656538
95.6,3.647832277836709,5.374240754343064
95.7,3.4893609502470064,5.367921169221998
95.8,3.5130900908719616,5.3615571275729135
95.9,3.2980024414850186,5.3551516368715175
96.0,3.2673903007460554,5.348731836151388
96.1,3.0975561060066084,5.342314862351398
96.2,3.1008855276711706,5.3358349975316814
96.3,3.2297568756714488,5.329341671827298
96.4,3.1643279168547918,5.322837179916505
96.5,2.9200128172546296,5.316365678493907
96.60000000000001,3.1940514939664575,5.3098535756861125
96.69999999999999,3.2755015136976366,5.3032795178022125
96.8,3.2691148961615046,5.296654615872225
96.9,3.0127750568977025,5.289990675064088
97.0,3.049726055317937,5.283336006344962
97.10000000000001,3.217923462584265,5.276611381873445
97.2,3.5261833967468266,5.269894110626398
97.3,3.5422194377341794,5.263145729499236
97.39999999999999,3.374418593907077,5.256417613188196
97.5,3.133415475593507,5.249648147191715
97.60000000000001,3.3637960591448075,5.242851714938331
97.7,3.6653445290745745,5.236039135976846
97.8,3.461259043328058,5.229174762438311
97.89999999999999,3.521752308676213,5.222323869680409
98.0,3.637598412555922,5.215454285602761
98.1,3.971933591607122,5.2085697452332225
98.2,3.8597794354519124,5.201701898448826
98.30000000000001,3.833031727681819,5.194852478738387
98.39999999999999,4.010152023472738,5.187978396228279
98.5,3.892781635952285,5.181066426742393
98.6,3.497754480481733,5.174109466074321
98.7,3.0141597708519257,5.167054170620161
98.8,3.1675071128074115,5.159964264163453
98.9,3.191943056319629,5.152855158806354
99.0,2.792725316285148,5.145749890918862
99.1,2.729503933154569,5.13862392381497
99.2,3.040351233449478,5.1314788097439195
99.3,2.8812222168327355,5.1242925519771045
99.4,2.828080994019164,5.1171210695217875
99.5,2.9568053500238562,5.109908818776704
99.6,2.814204534777028,5.102668751104241
99.7,3.0260849427983616,5.095429080346736
99.8,2.896662405502123,5.0881692836609655
99.9,2.819583064152263,5.0808612195221725
100.0,2.715851387267474,5.073546411448825
100.1,2.6789085144284503,5.06620303817035
100.19999999999999,2.7569906880847315,5.058850002825761
100.3,2.657749766974696,5.051489635196021
100.4,2.720682090126003,5.044117341636387
100.5,2.412280177227391,5.036723585991805
100.60000000000001,2.4327046583830434,5.029329260677294
100.69999999999999,2.4245080102480596,5.021957044490718
100.8,2.375232389215023,5.014553956457087
100.9,2.4535590266024414,5.007125247146741
101.0,2.343925353299607,4.999672353372963
101.10000000000001,2.2912226050710904,4.992236147130493
101.2,2.295547007272661,4.984750399009209
101.3,2.1743624187274815,4.9772320797086005
101.39999999999999,2.161706521670897,4.96968497913393
101.5,2.100350346225066,4.962123095539906
101.6,2.0255143742472965,4.954514918767579
101.7,1.869495550986738,4.946912035235394
101.80000000000001,2.0209366845586723,4.939321745005341
101.89999999999999,2.1149216423349984,4.931712828080228
102.0,2.0370523385169554,4.924069216616651
102.1,2.0043103368898096,4.916396902685484
102.2,1.9782697306677814,4.9086415113336725
102.30000000000001,1.9197024125282016,4.900865783944058
102.4,1.9934974090788167,4.893089271014214
102.5,2.0240600922142846,4.885297941817924
102.6,1.983997990062729,4.877506377006208
102.7,1.9341099970042084,4.869699583166883
102.8,2.126342833322848,4.861870445179735
102.9,2.17753269356075,4.8540070779525495
103.0,2.198968887993406,4.8461388862263
103.1,2.1707746173870666,4.838272117410495
103.2,2.255430965868531,4.830382990425694
103.3,2.1736340284654214,4.822469953345953
103.4,2.0310634134272307,4.814563161539641
103.5,1.9940343782112318,4.806646930957905
103.6,1.9367618868793426,4.798688232550448
103.7,1.9564362480723636,4.790708510551478
103.8,1.8277848749022947,4.782695509276536
103.9,1.893879700983456,4.774626086811825
104.0,1.9337716904499456,4.766507833310141
104.10000000000001,2.1151720531497724,4.758404570177244
104.19999999999999,1.9888872674440308,4.750288123931968
104.3,1.9536072619450844,4.742170551309486
104.4,1.8663250168184775,4.734052470774961
104.5,1.8592985388069407,4.725911944773672
104.60000000000001,1.8530828467188676,4.717775099781738
104.7,1.803392296629096,4.7096227965720185
104.8,1.7349303564215115,4.701441414750822
104.89999999999999,1.728210883599438,4.6931879403677845
105.0,1.7335572112322661,4.684923188044529
105.10000000000001,1.7049909710877476,4.676656027626143
105.2,1.7074716543975987,4.66840081292633
105.3,1.7408076285978427,4.66011901367578
105.39999999999999,1.7207843719797575,4.651816455596749
105.5,1.628624623917782,4.643465004016425
105.6,1.650669363777196,4.6351034652369805
105.7,1.6189414411878196,4.626699594823568
105.80000000000001,1.622421934683252,4.618306170382237
105.89999999999999,1.6887179419911114,4.609930706220779
106.0,1.7137728395890117,4.601523871959828
106.1,1.679527719246606,4.593100445597198
106.2,1.7597796641494505,4.584675659011324
106.3,1.7813357292714749,4.576229782782388
106.4,1.709262389490279,4.567790985782821
106.5,1.6094145734418073,4.55932531158998
106.6,1.5995128032171395,4.550851668129856
106.7,1.708348328192212,4.542389922125894
106.8,1.569195991485708,4.533910070234107
106.9,1.53716714379446,4.525390235220572
107.0,1.5797769307511813,4.51685050755992
107.1,1.6174195984712254,4.508263992921601
107.2,1.5895707037348288,4.4996063821807075
107.3,1.5498559841094943,4.4909283388017975
107.4,1.530480618101279,4.482223590269458
107.5,1.6142128021181983,4.473528737017641
107.6,1.5667742573504249,4.464809659570267
107.69999999999999,1.4705401858223244,4.456043782697819
107.8,1.474281324207367,4.447255183069392
107.9,1.399326958998826,4.43841631456749
108.0,1.3925750260006962,4.429544339452038
108.10000000000001,1.336257622393791,4.420684530895411
108.19999999999999,1.3122223781598765,4.411795152097291
108.3,1.2887566646248665,4.402901275934192
108.4,1.3531654378250262,4.393981394706336
108.5,1.447658930581242,4.385069402859524
108.60000000000001,1.433270413780939,4.376171450471925
108.7,1.3757163955706426,4.367286955769991
108.8,1.3426976196239957,4.358385936582296
108.89999999999999,1.311489047512151,4.349498204975513
109.0,1.3669976023353465,4.340603285705977
109.1,1.4261846851055395,4.33169611822518
109.2,1.5099484536292338,4.322752231609927
109.30000000000001,1.533752289755911,4.31381485685693
109.39999999999999,1.582459401401978,4.3049046155677475
109.5,1.5561171952089177,4.29596601145136
109.6,1.5781136685150006,4.2869969032274815
109.7,1.6041383171885448,4.278019338626264
109.80000000000001,1.5892911068329596,4.268977156735122
109.9,1.5928285049232993,4.259914109917116
110.0,1.6380092343139745,4.250868212216
110.1,1.5959414118839812,4.241804884715365
110.2,1.5892911690782832,4.2327259170962845
110.3,1.632492129805564,4.223646444125221
110.4,1.7467118291928827,4.214560079265819
110.5,1.7768777722535538,4.205456792126815
110.6,1.792067735130777,4.196355680757282
110.7,1.789003356812042,4.187243043342948
110.8,1.7192678619186612,4.178119495920139
110.9,1.7402690909669096,4.168980128270766
111.0,1.6359568115184542,4.159887360487067
111.1,1.7136997291432166,4.150793412199754
111.2,1.580442618683715,4.141703849762571
111.3,1.572310709906941,4.132620844605131
111.4,1.5789657476878929,4.123482665007097
111.5,1.5723618531244157,4.114310664699224
111.60000000000001,1.5426453568509566,4.10518245055524
111.69999999999999,1.4273177648832935,4.096038110179952
111.8,1.4661918598588373,4.086903590143475
111.9,1.4643573966966374,4.077784732991476
112.0,1.5426223476287517,4.068666003166645
112.10000000000001,1.644348327498553,4.0595322196453285
112.2,1.6150582912680898,4.050422677493807
112.3,1.522091442608807,4.041326566307701
112.39999999999999,1.5314877950798165,4.03222189484237
112.5,1.5477618764042744,4.023136719824697
112.60000000000001,1.463398594191306,4.0140403245227585
112.7,1.468180391929582,4.004951818549353
112.8,1.4773943101682638,3.995847148371783
112.89999999999999,1.5419048239369808,3.9867407273842295
113.0,1.4945153041212897,3.977615764935172
113.1,1.4870135686869683,3.968494049971035
113.2,1.423794285323529,3.959346160929104
113.30000000000001,1.4638881250630167,3.9502161421643756
113.39999999999999,1.3577124360511592,3.941088150998265
113.5,1.290213039372865,3.931978940639325
113.6,1.3272692167362243,3.922901055759091
113.7,1.284631234217294,3.913828246729566
113.8,1.256454606363488,3.9047799060835366
113.9,1.2993961824200748,3.895694254234798
114.0,1.255073853253697,3.8866023776663985
114.1,1.308312689190438,3.87750606877721
114.2,1.274652402774191,3.8684239662480224
114.3,1.283063891208615,3.8593670349029012
114.4,1.2876509763323143,3.850303286554945
114.5,1.344001221244912,3.84123047848947
114.6,1.3075620815872853,3.832165704826104
114.7,1.2359378880429448,3.8231187022200084
114.8,1.2249905411329973,3.814078430910281
114.9,1.29782785267881,3.8050526924855945
115.0,1.3697768130497283,3.7960174567549956
115.1,1.2798636376628827,3.786985813280675
115.19999999999999,1.371019160296406,3.777953119973723
115.3,1.344614688272685,3.768904568541115
115.4,1.34907163190773,3.7598371949046796
115.5,1.274324141636162,3.750740614921643
115.60000000000001,1.2827597864383429,3.741660078788313
115.69999999999999,1.1877119430981546,3.732540317291794
115.8,1.203089631782929,3.7234268758938587
115.9,1.2128835765797619,3.714338592081602
116.0,1.203102305273802,3.7052527718823614
116.10000000000001,1.2771573090170178,3.696149810148069
116.2,1.3489363533429415,3.687076909845019
116.3,1.4745842386285786,3.677983127348872
116.39999999999999,1.4387899212153945,3.668885478057882
116.5,1.406244442630039,3.6598227772457754
116.6,1.3471907210561587,3.650778935005672
116.7,1.4439156528603307,3.641727684821182
116.80000000000001,1.392019840777352,3.632678732268319
116.89999999999999,1.3290564634104927,3.623641959703266
117.0,1.3075282879984376,3.614609182972134
117.1,1.3921819097129786,3.6056098580204994
117.2,1.5164953103644438,3.5966388765121207
117.30000000000001,1.5375010420144002,3.5876725342268996
117.4,1.5376697258498524,3.578743496329901
117.5,1.4517439741053404,3.5698162734257606
117.6,1.5005257590382324,3.5609209970161957
117.7,1.563013174723251,3.552011321874341
117.8,1.443057449994538,3.5431112158189157
117.9,1.4615467936583029,3.5342309287185154
118.0,1.3687693353838601,3.525360254430831
118.1,1.4050175111839454,3.51647748803235
118.2,1.4163490024650927,3.5076229991666557
118.3,1.4585375304273103,3.4987757836669617
118.4,1.5090702569452095,3.4899034369479853
118.5,1.5014919229242252,3.481025361352523
118.6,1.5965258740421702,3.4721764382852776
118.7,1.6341111927539897,3.4633371561852417
118.8,1.632386817903576,3.454511130250813
118.9,1.7150968063157772,3.445721230695896
119.0,1.7115918684482294,3.436927427041423
119.10000000000001,1.7631863533657717,3.428142627771949
119.19999999999999,1.6219016645677904,3.419379390258637
119.3,1.638831481970823,3.4106297041383655
119.4,1.6492783076205124,3.4018958557154475
119.5,1.7181806543599678,3.3932161599742376
119.60000000000001,1.7531398573153443,3.3845446513544837
119.7,1.5987521950640353,3.3758498095332508
119.8,1.7301459963211872,3.3671627515724265
119.89999999999999,1.7068788910830333,3.3584961214794333
120.0,1.682016075842874,3.3498413050150777
120.1,1.6726439365724712,3.34122593936807
120.2,1.6303142585512407,3.3325928058031544
120.3,1.4811324958804146,3.323999517099705
120.4,1.4584530385521006,3.3154067202453454
120.5,1.5906886060371672,3.3068452799644295
120.6,1.6054545888115435,3.298266540309472
120.7,1.5506060937391786,3.289675392564558
120.8,1.5258678324271748,3.2810960798593354
120.9,1.599144367560033,3.2725191103493274
121.0,1.462123139642985,3.2639058926189066
121.10000000000001,1.4975275197201334,3.255309574880286
121.2,1.548473480792491,3.2467297532260107
121.29999999999998,1.5539474641352904,3.2381707871571064
121.4,1.478599056904152,3.229608139772492
121.5,1.4190857665564636,3.2210310595612097
121.60000000000001,1.450203026690432,3.212451220924408
121.7,1.5561680050533568,3.203870695844163
121.79999999999998,1.712305042892774,3.1953027807165615
121.9,1.5999457296186643,3.186747728205512
122.0,1.5748046562102598,3.178198693455471
122.10000000000001,1.538127433540307,3.169660381632326
122.2,1.6356389102598934,3.161113790080531
122.30000000000001,1.6570246331905902,3.1525604546469803
122.4,1.5734013481636213,3.144025582491041
122.49999999999999,1.687318387052013,3.135486856762451
122.60000000000001,1.6077945510519913,3.126967852036494
122.69999999999999,1.6545974168589739,3.118453090766363
122.80000000000001,1.5648547757227418,3.109954612451497
122.9,1.6102093816236887,3.1014605812495564
122.99999999999999,1.5950479945666791,3.0929709652720567
123.10000000000001,1.3610275570668389,3.084494917803739
123.19999999999999,1.3345323178688806,3.0760218259453733
123.30000000000001,1.2951049282496299,3.0675558477961786
123.4,1.3169750135759046,3.0590966502659582
123.49999999999999,1.3118288739959438,3.050658936476761
123.60000000000001,1.341983141892023,3.0422395208125628
123.69999999999999,1.2984607148627658,3.0338094230398345
123.80000000000001,1.4026959875587623,3.025423850268493
123.89999999999999,1.274873098375306,3.0170440358604096
124.00000000000001,1.0121784840805916,3.008648439659588
124.1,0.9574654939405118,3.000278876307001
124.19999999999999,0.8688183835464292,2.9919183106286464
124.30000000000001,0.8165350646476401,2.983570794462832
124.39999999999999,0.7997700448570303,2.9752566576367694
124.50000000000001,0.6987977980204301,2.966956157789098
124.6,0.6503288882118561,2.9586746065828904
124.69999999999999,0.7469001216863165,2.950363743394189
124.80000000000001,0.6109808029773285,2.9420852476844725
124.89999999999999,0.5743832967937308,2.9338530425237224
125.00000000000001,0.5863013944573862,2.9256391568818567
125.1,0.4873099221802994,2.917437082277111
125.19999999999999,0.484614047884676,2.9092606513902415
125.3,0.5246358851092634,2.9010855531398887
125.39999999999999,0.5646379837166092,2.8929169839674342
125.5,0.622296107359994,2.8847454981151226
125.6,0.6536051957832923,2.8765889525045836
125.70000000000002,0.7101063463314333,2.868463254588607
125.8,0.7544608772661249,2.8603589984372984
125.89999999999999,0.9041581130319102,2.85228252490852
126.0,0.7329080892980749,2.8442201150940387
126.1,0.8094441604044563,2.8361816209937087
126.20000000000002,0.8870204064074083,2.828162756211272
126.3,0.6345218690135266,2.820169588191064
126.39999999999999,0.7312657874879187,2.812192783305698
126.5,0.6205607239311618,2.8042445953818347
126.6,0.5884136904781925,2.7963427346388734
126.7,0.5419654504515368,2.788475509292217
126.8,0.5514513998676748,2.7806215414723607
126.9,0.5034872223169328,2.7727719084266833
127.0,0.45458801023399703,2.7649326622483086
127.1,0.4832401329587727,2.757097278236162
127.2,0.5535804290374878,2.7492923767863284
127.3,0.511116456229865,2.7414943684991067
127.4,0.5192116469339847,2.73371053258193
127.5,0.462254612357783,2.7259465407308925
127.6,0.536921213935373,2.7181945352437142
127.7,0.5133775031764601,2.710442599391185
127.8,0.5011243293442382,2.7027140340002687
127.9,0.5234113373146824,2.6950273558451814
128.0,0.5479911959943488,2.687378941232982
128.1,0.5578807506261148,2.6797406646843176
128.2,0.5187681608421153,2.672108794622247
128.29999999999998,0.46607311853826067,2.6645040245571754
128.4,0.49185709819785145,2.656931717440547
128.5,0.4198163729405241,2.6493916292520474
128.60000000000002,0.38633194440665936,2.641859377871251
128.7,0.40100954278508355,2.634349227886114
128.79999999999998,0.41517613746678755,2.6268845993471115
128.9,0.4173658285764205,2.619403933847849
129.0,0.4368073881191951,2.6119575547174794
129.10000000000002,0.4545107476098955,2.604533188466429
129.2,0.3862063768050866,2.597123203330713
129.29999999999998,0.3718777439650678,2.5897279123320267
129.4,0.384919452176114,2.582351166535923
129.5,0.37187821808600735,2.5749902340465742
129.60000000000002,0.3694688974824587,2.5676479016939213
129.7,0.3695222892239147,2.5602940893366237
129.8,0.37551370088937763,2.552949893741755
129.9,0.39201590767826977,2.5456132818827637
130.0,0.44634518056248074,2.5383009275035286
130.1,0.4805986070712436,2.530996668831649
130.2,0.5360526213491483,2.523708000427749
130.3,0.45758485535688564,2.516433347087153
130.4,0.5058836240711907,2.509188431799061
130.5,0.6281556468387509,2.5019557060017124
130.6,0.6424728462396455,2.494733963760411
130.7,0.5852536188753639,2.4875322445867774
130.8,0.5587312127917471,2.480330357072424
130.9,0.4915462239425418,2.473143132735288
131.0,0.4625897258653008,2.4659600518528206
131.1,0.534184787847581,2.4587838168475913
131.2,0.5714073232696913,2.451628816166106
131.3,0.6063720962180992,2.4444826585687283
131.4,0.7599996328688755,2.437370601913737
131.5,0.7061636858633755,2.4302909651614426
131.6,0.7178719509235492,2.4232320616832914
131.7,0.9434097693807166,2.4162002584536006
131.8,1.0400998155480514,2.409166206336665
131.9,1.0839365905676597,2.4021433538459087
132.0,1.0949542787553752,2.395140484628581
132.1,1.0326864040377834,2.388145118158824
132.2,0.8520304077500774,2.3811783070076995
132.3,0.6448917002553041,2.3742028358270257
132.4,0.8859136325740654,2.3672272918017425
132.5,0.8492827141562346,2.3602735712757714
132.6,0.8874245644794977,2.353328481638402
132.7,0.859862051250788,2.346405579916999
132.8,0.7382197168503652,2.3395068214583743
132.89999999999998,0.7150641147583362,2.3326225821437934
133.0,0.8320965575246435,2.3257542528527493
133.1,1.0345168565237595,2.3189066421601696
133.20000000000002,1.1119688642305996,2.312093413565365
133.3,1.0292533767736662,2.3053063299917183
133.39999999999998,0.9619303005248042,2.2985314553358016
133.5,1.1248441292527747,2.291756367547059
133.6,1.1590858399728834,2.284995432936443
133.70000000000002,1.2107866773591298,2.278256524084724
133.8,1.0486006888755515,2.271557490446138
133.89999999999998,1.0146404464066971,2.2648849742512533
134.0,0.967226354974575,2.258229140779652
134.1,1.0066619243226325,2.2515840448140096
134.20000000000002,0.8045767625680517,2.244976937812247
134.3,0.9379871191957425,2.238383774212518
134.4,1.051355468704137,2.2318173795560465
134.5,0.9615355030429901,2.2252768969252146
134.6,1.1005668221575367,2.2187594859759177
134.70000000000002,0.9283823974352634,2.2122628826042305
134.79999999999998,0.9609830823335432,2.2057859474161425
134.9,0.833000301344471,2.1993353940963023
135.0,0.8271496188333551,2.192913921548265
135.1,0.8019855152040605,2.186517584836989
135.20000000000002,0.7860073497564498,2.180151209085806
135.29999999999998,0.8624702306327079,2.173810916302104
135.4,0.9441545039229029,2.167497797242025
135.5,0.8792403672187097,2.1612170739670113
135.6,0.7932018359917048,2.154955582672091
135.7,0.7064974335550492,2.1487273260009805
135.79999999999998,0.7772944395326662,2.1425276563440683
135.9,0.8527158590323167,2.1363555905420357
136.0,0.8590330344787811,2.1302002423300177
136.10000000000002,0.8825490113410915,2.1240612976870814
136.2,0.842860832033805,2.117923200087347
136.29999999999998,0.8715242393749085,2.1117918248230048
136.4,0.8863622525005315,2.105685320116857
136.5,0.9453578996373222,2.0995945262702422
136.60000000000002,1.0563797744298817,2.0935153756867044
136.7,1.0103278946953413,2.0874546368247113
136.79999999999998,1.0255712346300694,2.0814118736840967
136.9,1.076122944679453,2.075372375655283
137.0,1.0645720864539119,2.0693570962964145
137.10000000000002,1.051458560636994,2.0633549571013137
137.2,0.9837227854850142,2.057381549894006
137.3,0.9906961019301769,2.051426947336095
137.4,0.9994440458443584,2.0455148754876538
137.5,1.0316288749970177,2.039620317007512
137.6,1.0370695952384745,2.033759149343223
137.7,0.9476751863780442,2.0279288969478806
137.8,0.9007931898699962,2.0221174223479528
137.9,0.8508291481374416,2.0163445999565295
138.0,0.7961379310154869,2.0105925126242257
138.1,0.8438172986999795,2.0048694307160195
138.2,0.7971804696177173,1.9991687790005117
138.3,0.7339871135906015,1.9934797129226598
138.4,0.7663625656224803,1.987806047436361
138.5,0.7765951404467721,1.982134020637691
138.6,0.7669957370934699,1.976470895332421
138.7,0.7562806669491665,1.9708370640190136
138.8,0.740603998898854,1.9652270773169267
138.9,0.7547641206294222,1.9596247349978566
139.0,0.7285679101448717,1.9540462148864641
139.1,0.7466805579273782,1.9484838362244385
139.2,0.7535400476645276,1.9429309344434222
139.3,0.8055139691429202,1.9374032320251926
139.4,0.7594941366869757,1.931889447667475
139.5,0.7410006136812758,1.9263789926696009
139.6,0.7362818131712439,1.9208915597231595
139.7,0.7265106596044105,1.9154141350539962
139.8,0.7186090084564543,1.9099552066281251
139.9,0.7050919483683146,1.9045115909906167
140.0,0.7059648063854576,1.8990735678436295
140.1,0.7117155565466401,1.8936648698601872
140.2,0.7159916044892958,1.8882816765367731
140.3,0.7157798521267068,1.88289081717108
140.39999999999998,0.7133266429702171,1.8775368787726145
140.5,0.7093272870596117,1.872220631621972
140.6,0.7073145563355528,1.8669301284222364
140.70000000000002,0.7059379102991927,1.8616582624707743
140.8,0.7046118787690065,1.8564039952329332
140.89999999999998,0.7039635510788693,1.851165605232254
141.0,0.7015626213794233,1.8459365968362993
141.1,0.7008092546969977,1.8407211503795557
141.20000000000002,0.7000261248025431,1.8355094815952255
141.3,0.6990180880366591,1.8303006339725925
141.39999999999998,0.6987273216642904,1.825110954206501
141.5,0.6980435336958164,1.8199295966287692
141.6,0.694060600004686,1.8147703238346429
141.70000000000002,0.6939645659526109,1.8096232993494707
141.8,0.6893724433084671,1.8045065654628214
141.9,0.691081053556884,1.7994079385677806
142.0,0.6851400242737197,1.794313837903898
142.1,0.6861830575123335,1.7892378787360637
142.20000000000002,0.6910009653331961,1.7841835712189844
142.29999999999998,0.6801143858908668,1.7791594572672564
142.4,0.6749360775474361,1.7741517165371115
142.5,0.675461754993108,1.7691684456002665
142.6,0.6767240404495588,1.7641857058387704
142.70000000000002,0.6845227526507202,1.759202218080309
142.79999999999998,0.6844701357344517,1.7542351119172173
142.9,0.6709580088143431,1.7492814505055254
143.0,0.684036056338615,1.7443459378034678
143.1,0.6755183065934613,1.7394273406235286
143.2,0.6730059077575139,1.7345196188428957
143.29999999999998,0.6700340456354329,1.7296315360266314
143.4,0.6732679565333435,1.7247589051103374
143.5,0.6707639537964908,1.7198947807745624
143.60000000000002,0.6648505717431278,1.7150449939978762
143.7,0.6696776002650425,1.7102319262216406
143.79999999999998,0.6707514975994928,1.705420086189969
143.9,0.6902193007405742,1.7006339834115891
144.0,0.6805557159718123,1.6958699303449363
144.10000000000002,0.6786879003683512,1.6911369110993428
144.2,0.6707254169555634,1.6864055548794687
144.29999999999998,0.6722328066691838,1.6816826329727492
144.4,0.6646694752250109,1.6769609902746445
144.5,0.6588136285879216,1.6722456726544497
144.60000000000002,0.6745353999753572,1.6675510713162798
144.7,0.6550432009666637,1.6628717706846963
144.8,0.640981355649806,1.6582092960958286
144.9,0.6476018507712726,1.6535626031101722
145.0,0.6407666708805476,1.6489396666775447
145.1,0.6433660273058843,1.6443281478147038
145.2,0.6544372782207168,1.6397426049764878
145.3,0.6444334182661702,1.6351804584125487
145.4,0.6347789794573508,1.6306377886629424
145.5,0.6117758170153519,1.6261190137796446
145.6,0.6059252508959285,1.6216152895893798
145.7,0.6118569287160359,1.6171216398697847
145.8,0.6165126340919559,1.6126400115537893
145.9,0.6067857239256007,1.6081748352624823
146.0,0.6042586011083668,1.6037389192859755
146.1,0.6095973532257661,1.5993048947642508
146.2,0.6151870846126904,1.594898614763741
146.3,0.6191057910906997,1.5905128413504972
146.4,0.6212413487249351,1.5861420462604165
146.5,0.624551134082086,1.5817915503579343
146.6,0.6211285096772885,1.5774554271851842
146.7,0.6273066342819117,1.5731365566754039
146.8,0.6283473573488042,1.568830776521617
146.9,0.6192161483988968,1.564539140487049
147.0,0.610356677508952,1.5602584622213373
147.1,0.609964180952884,1.5559939386517205
147.2,0.6125335071581068,1.5517510930573957
147.3,0.6155565276070439,1.5475355840457898
147.4,0.6135164903824109,1.543336893921834
147.5,0.6121411033879955,1.539161974418628
147.6,0.6150766720571603,1.535002107268746
147.7,0.6202645019099823,1.530861632174664
147.8,0.6247180761085745,1.5267246724641286
147.89999999999998,0.617448496756787,1.5226056585773866
148.0,0.6205787278935198,1.5185026336611367
148.1,0.6208134395246272,1.5144155963395636
148.20000000000002,0.6218381445716367,1.5103460910876025
148.3,0.613837941198958,1.5062904996128288
148.39999999999998,0.6195233747821058,1.5022581457974309
148.5,0.6195811283992905,1.49824025670463
148.6,0.6272510942189459,1.4942321025386902
148.70000000000002,0.6284477318237206,1.4902427911423577
148.8,0.6141459619347828,1.4862753682980365
148.89999999999998,0.6076153739965451,1.4823193326647621
149.0,0.6052444019411107,1.4783735069344415
149.1,0.6102170827547934,1.4744406523006526
149.20000000000002,0.6060367288499726,1.47051803767445
149.3,0.6113432166912767,1.466614573081113
149.4,0.6033833095574815,1.4627233357880356
149.5,0.6099136046196988,1.4588463017759123
149.6,0.6160028890253977,1.454976370575509
149.70000000000002,0.6247788253928735,1.4511245641197683
149.79999999999998,0.6358508327239437,1.4472856140169164
149.9,0.6255620764183143,1.4434607929295207
150.0,0.6355556983758043,1.4396456231569705
150.1,0.6499411387160786,1.4358510718480848
150.20000000000002,0.6245941990074274,1.4320671326344625
150.29999999999998,0.6468209690694736,1.4282975594042246
150.4,0.6248623774167968,1.424540657276638
150.5,0.662899278850897,1.4207878004977494
150.6,0.6358552961127257,1.4170539757633942
150.7,0.6605880325791741,1.4133349993818942
150.79999999999998,0.6421291814795426,1.4096238589947507
150.9,0.658667901991773,1.4059183856477357
151.0,0.6422308518809268,1.4022250394322946
151.10000000000002,0.6045889212778737,1.3985625108153739
151.2,0.6404754423335548,1.3949175585249844
151.29999999999998,0.6624347893396699,1.3912810909023887
151.4,0.6984642291821886,1.3876638917996604
151.5,0.7193269325996071,1.384050029680735
151.60000000000002,0.6837067161792034,1.3804500083083444
151.7,0.6910692533432464,1.3768593198987191
151.79999999999998,0.6479812529799379,1.3732824460246527
151.9,0.6280481451657828,1.3697110518206816
152.0,0.6409635758900675,1.3661568213427917
152.10000000000002,0.5934994914837814,1.3626205741934694
152.2,0.6079680610199493,1.3590966298455807
152.3,0.6508262819032004,1.3555897640251922
152.4,0.6988098293619911,1.3520910665849974
152.5,0.8093800282758185,1.3486113409875244
152.6,0.7748348326529516,1.345128154616405
152.7,0.7761114826013574,1.3416636904295594
152.8,0.7850528542978106,1.3382151577215229
152.9,0.7520864707997631,1.3347798731835843
153.0,0.7511035171332419,1.331355500135452
153.1,0.7557960190427958,1.3279448859207768
153.2,0.7718396288348434,1.3245459242062048
153.3,0.7059609167971483,1.3211669828129058
153.4,0.7083934941743807,1.3178039630979028
153.5,0.711424756285253,1.3144585002991664
153.6,0.71759495032676,1.311121184793373
153.7,0.698502526389138,1.3077946540386676
153.8,0.6865591829343823,1.3044831930239043
153.9,0.6700901497103341,1.3011870161037484
154.0,0.7306088495646426,1.2978977136998378
154.1,0.7012000128369978,1.2946121641787554
154.2,0.6897261260514488,1.2913416032100185
154.3,0.7210694671232025,1.2880878903009712
154.4,0.7211003109411304,1.2848459698724524
154.5,0.6943430952116124,1.281615758091117
154.6,0.6630170020369073,1.2784034891575407
154.7,0.6275789742514652,1.2752057748951582
154.8,0.5665190624952983,1.2720176219906612
154.9,0.5333538609324485,1.2688469474844315
155.0,0.5215339638614304,1.2656919636000754
155.1,0.5763641279705024,1.2625529235147455
155.2,0.6629688526443871,1.2594309421667285
155.3,0.6899223348742175,1.2563254044358771
155.39999999999998,0.6089198532847729,1.2532298070100856
155.5,0.5673461360919129,1.250153770180452
155.6,0.5370150683163245,1.2470827672629063
155.70000000000002,0.5594170401748111,1.2440257873599485
155.8,0.6004571089585012,1.2409833888001154
155.89999999999998,0.5319975874422933,1.2379581645258264
156.0,0.5374340596995303,1.2349442991472646
156.1,0.5421455570512204,1.2319483560012274
156.20000000000002,0.5508907552699754,1.2289616396323153
156.3,0.5653759570947713,1.225984834587662
156.39999999999998,0.5692853778733812,1.2230282359373366
156.5,0.5539767984269972,1.220091613462877
156.6,0.5611290665483325,1.2171733252707266
156.70000000000002,0.6118459766537546,1.2142623755396862
156.8,0.5852549007141824,1.2113672137348006
156.9,0.5675458588795309,1.2084829063074092
157.0,0.6014154065001517,1.2056169511942885
157.1,0.5745033032323076,1.2027567322234436
157.20000000000002,0.5619321732680961,1.1999070452846836
157.29999999999998,0.5617015200729288,1.1970718702911778
157.4,0.5846990861703367,1.194253762781233
157.5,0.5651250667017639,1.1914442916294392
157.6,0.5339170242200365,1.1886514706391051
157.70000000000002,0.5231848028367081,1.1858724932541294
157.79999999999998,0.5261774026754069,1.1831045649007734
157.9,0.5246859354672103,1.1803470964546172
158.0,0.540874171206467,1.1776022361301721
158.1,0.5656896998436831,1.1748766542501863
158.2,0.5473686288606926,1.1721554883796088
158.29999999999998,0.5870110038451087,1.1694447148180291
158.4,0.5275305894149419,1.1667445246732648
158.5,0.539888576258356,1.1640555255871727
158.60000000000002,0.5240881253392712,1.161372369360448
158.7,0.5388025102816003,1.1587028100272039
158.79999999999998,0.5429683362586466,1.15605257991451
158.9,0.5427854491086556,1.1534062736648902
159.0,0.5306039738324578,1.1507727330838935
159.10000000000002,0.540394930163059,1.1481517478509513
159.2,0.512392970656729,1.1455378109255703
159.29999999999998,0.5161814623296261,1.1429337863578897
159.4,0.5011269038970081,1.1403363822813386
159.5,0.5152570860632257,1.137752784601509
159.60000000000002,0.5269822709218868,1.1351831109372716
159.7,0.5334338171368371,1.1326286613776881
159.8,0.5448005961925473,1.1300872579623804
159.9,0.539947131595157,1.1275528841333675
160.0,0.539734418352517,1.1250244258469173
160.1,0.5245529214734811,1.1225113338705341
160.2,0.5388385921567753,1.1200082171875483
160.3,0.5473137827971082,1.1175238206186517
160.4,0.5622182619912506,1.1150491097554254
160.5,0.6314767087054284,1.1125815181961531
160.6,0.7227676252884394,1.1101314836000027
160.7,0.7313925400105079,1.1076921798334127
160.8,0.6886615437528862,1.1052622191711357
160.9,0.7639725139044657,1.1028447343257028
161.0,0.8069930987212652,1.1004400647604786
161.1,0.7772451040357871,1.0980471912065364
161.2,0.6589481951005027,1.0956626668549914
161.3,0.7088633895717197,1.0932888410214192
161.4,0.6583888199185571,1.090920781294317
161.5,0.6963108305682932,1.0885591061298059
161.6,0.7296449872681194,1.0862170634411616
161.7,0.733215985493074,1.083881266264032
161.8,0.5477216273742032,1.0815560496479888
161.9,0.5127623971355055,1.0792494784936233
162.0,0.4524531419422875,1.0769524741706238
162.1,0.46745603892733745,1.0746678547566384
162.2,0.4686949341548582,1.0723910814878526
162.3,0.4692212063774332,1.0701235650454706
162.4,0.4790208135098314,1.067862770060268
162.5,0.474527453688963,1.0656096852730255
162.6,0.5467105250128094,1.0633647320081492
162.7,0.47421528719900496,1.0611286716596835
162.8,0.46613395603126284,1.058909608743381
162.89999999999998,0.4484983971380964,1.0567071349738553
163.0,0.45656946992626984,1.054509170614622
163.1,0.4499102492274167,1.052322527453099
163.20000000000002,0.4516253069649147,1.050139809974385
163.3,0.448635192198645,1.0479550752283116
163.39999999999998,0.4477504006293043,1.0457839654456988
163.5,0.45352165679456874,1.0436253721123583
163.6,0.4661267218359929,1.0414686518061675
163.70000000000002,0.4594279031982147,1.0393277933822571
163.8,0.47499815948790586,1.0371991266878677
163.89999999999998,0.4897698168790863,1.0350820603434072
164.0,0.47663437551401777,1.0329773362227566
164.1,0.46445236771532716,1.030882611379539
164.20000000000002,0.4456482108402879,1.0287925786487768
164.3,0.4446941753841473,1.0267078120615978
164.4,0.4477139455518267,1.0246318592349006
164.5,0.4514929376495564,1.0225629776409548
164.6,0.4672286190411753,1.0205135181514418
164.70000000000002,0.44764600419307554,1.01846603769852
164.79999999999998,0.4476976650889951,1.0164225159034226
164.9,0.44139816769654294,1.014388944461598
165.0,0.4419191332805399,1.0123651478267421
165.1,0.4413543127264677,1.0103486019325456
165.20000000000002,0.44007313208169924,1.008346038444733
165.29999999999998,0.4403008974984226,1.00635338902989
165.4,0.43928247302890755,1.0043675485798458
165.5,0.4387336778387285,1.002384838582123
165.6,0.43884552572025215,1.0004118820579053
165.7,0.4419043302152218,0.9984523793885627
165.79999999999998,0.4387359427174318,0.996505534023028
165.9,0.4382634047885855,0.9945663494011999
166.0,0.43788284524888493,0.9926306277840461
166.10000000000002,0.43797971982868267,0.990691334554141
166.2,0.43752690454021737,0.9887621521906977
166.29999999999998,0.44096128820834596,0.9868328199577732
166.4,0.4524109007260578,0.9849180922628513
166.5,0.45017885111246764,0.983014610910145
166.60000000000002,0.43798325712093833,0.9811231380643519
166.7,0.4613122038915429,0.979238959771853
166.79999999999998,0.49734949325327976,0.9773663524056233
166.9,0.505545050557238,0.975505048362769
167.0,0.4678331075600095,0.9736538824501513
167.10000000000002,0.47904709949292706,0.9718215856643013
167.2,0.4586001986969299,0.9699967568343358
167.3,0.45528045621552743,0.9681746130744906
167.4,0.4401932688406536,0.9663572368522244
167.5,0.4456087733253048,0.9645425719968048
167.6,0.43464650987209896,0.9627301844369598
167.7,0.44659714049618526,0.9609220972514619
167.8,0.4585975341155672,0.9591321013845748
167.9,0.44893930590485304,0.9573577342412193
168.0,0.4809007696395112,0.9555964508337822
168.1,0.48316705875557897,0.9538501431996003
168.2,0.4884081041219029,0.9521043963128698
168.3,0.530364133444421,0.9503709846490422
168.4,0.5137211582274428,0.9486442071004835
168.5,0.4690617502911175,0.9469251710547947
168.6,0.47303667989051545,0.9452114294597513
168.7,0.4731888717728009,0.943500041109844
168.8,0.48324561412393136,0.9417972810200435
168.9,0.4955957916380963,0.9400999633687597
169.0,0.5064464451264735,0.9384109007188083
169.1,0.4989820236056989,0.9367239676324111
169.2,0.5347572006784668,0.9350401841124631
169.3,0.5307293005649548,0.9333601245381207
169.4,0.49278274263652955,0.9316912727687678
169.5,0.5020383136117124,0.9300360400972766
169.6,0.5252779396263932,0.9283915734470534
169.7,0.5333970130096674,0.9267562229787312
169.8,0.5739320422159784,0.9251285376124485
169.9,0.5509303874006429,0.9235078535423737
170.0,0.5040224156750343,0.9218974926562349
170.1,0.5449464333497395,0.9202918969923934
170.2,0.5981366682759235,0.9186941386403606
170.3,0.6005021916080223,0.9171097754065487
170.39999999999998,0.6257363632323313,0.9155292482000392
170.5,0.6416673889292791,0.9139489891654755
170.6,0.588457547865684,0.9123759598911492
170.70000000000002,0.5988115466377278,0.9108148500559061
170.8,0.5964738231940596,0.9092576884347374
170.89999999999998,0.6137833859792995,0.907709998111872
171.0,0.6102148036009215,0.9061669533342078
171.1,0.5897332601377172,0.9046305957687244
171.20000000000002,0.5695305336002199,0.903101598165242
171.3,0.5572625636626457,0.9015744970166244
171.39999999999998,0.5645131683636609,0.9000511958138792
171.5,0.583557440995532,0.8985340944009206
171.6,0.5841265629727824,0.8970242350185318
171.70000000000002,0.5671434176544489,0.8955219848158731
171.8,0.558177179604752,0.8940230756001019
171.9,0.5919535642529757,0.892529495713539
172.0,0.6037191771220818,0.8910431076891903
172.1,0.5700130138503994,0.8895618880288789
172.20000000000002,0.55429867469757,0.8880884982534756
172.29999999999998,0.5649905673507226,0.886621330761778
172.4,0.5515256445409875,0.885161494718816
172.5,0.5740488982847938,0.8837114811975348
172.6,0.5494566631052433,0.882269156576832
172.70000000000002,0.5147202935893341,0.8808334067273479
172.79999999999998,0.5084685460509483,0.8794012244581715
172.9,0.5021720104132165,0.8779717710720576
173.0,0.4910970550904739,0.8765524694386979
173.1,0.5062468428662447,0.8751436653289257
173.2,0.5263716097311506,0.8737436638496354
173.29999999999998,0.5067719163227301,0.8723426520896906
173.4,0.5110712875082215,0.8709494463817797
173.5,0.5124498554953946,0.8695611484769298
173.60000000000002,0.5139542089186147,0.8681808804747904
173.7,0.5216772653457853,0.866802615074407
173.79999999999998,0.5063593717607379,0.8654306513936473
173.9,0.5243903397154638,0.8640671738024414
174.0,0.5115961035334162,0.8627103340391212
174.10000000000002,0.4968234571765523,0.8613606065657337
174.2,0.516634686044059,0.8600109044412527
174.29999999999998,0.523271697101554,0.8586641225462224
174.4,0.5194982384328817,0.8573241982237078
174.5,0.5155973125478256,0.8559895606665426
174.60000000000002,0.4942856978682902,0.8546644813633895
174.7,0.4806931573945466,0.8533494784336377
174.8,0.4876823431545758,0.8520410753293741
174.9,0.48920996585022614,0.8507341251962244
175.0,0.4809583149958661,0.8494333776122243
175.1,0.4823171595745538,0.8481432402697343
175.2,0.47703915454469187,0.8468581391977561
175.3,0.47102426666481495,0.8455830133924556
175.4,0.4726243643438466,0.8443130873068085
175.5,0.48459072905458256,0.8430515462767789
175.6,0.4907637461938771,0.841795765097043
175.7,0.4932352810816486,0.8405453223437703
175.8,0.49265401267318476,0.8393023989996387
175.9,0.5067730386981896,0.8380672521844255
176.0,0.5035406432585021,0.8368366453130722
176.1,0.49241245217071417,0.8356133487257338
176.2,0.5008607226529506,0.8344018913289251
176.3,0.4852421335849414,0.8331967820693846
176.4,0.47323760105569124,0.8319982049182759
176.5,0.4670689844487359,0.8307991597129832
176.6,0.46794968436016615,0.8296024006126186
176.7,0.46280957971429787,0.828407437599582
176.8,0.47197762644687047,0.8272198314176995
176.9,0.467235462328917,0.8260359653087554
177.0,0.4676006342371911,0.8248502660991994
177.1,0.4732375180388609,0.82366706287887
177.2,0.47192702043133006,0.8224848594008087
177.3,0.4822942145988121,0.8213054217511662
177.4,0.47467403402339636,0.8201308511844847
177.5,0.47298631038862204,0.818962256132101
177.6,0.4715607413826036,0.8177999237161081
177.7,0.4718401948525472,0.8166382458091371
177.8,0.4808571582750956,0.8154803251738044
177.89999999999998,0.48035953087762073,0.8143257998198377
178.0,0.4838697470537107,0.8131768423848251
178.1,0.4914934688337022,0.8120304482902384
178.20000000000002,0.4896165314860974,0.8108863108362294
178.3,0.4919591409597962,0.8097462600362583
178.39999999999998,0.49924508181631966,0.808619861496753
178.5,0.49434385250440477,0.807501220927056
178.6,0.48597782332164796,0.8063911226081104
178.70000000000002,0.489918714992421,0.8052892043875802
178.8,0.48815609203722066,0.8041944517545528
178.89999999999998,0.4897491497091456,0.8031006073658067
179.0,0.4986112935315507,0.8020051273379112
179.1,0.5052961447162025,0.8009155711331097
179.20000000000002,0.505198872261044,0.7998307890681463
179.3,0.5011122784424564,0.7987557708705166
179.4,0.5034587871950932,0.7976866130071376
179.5,0.4999263649148445,0.7966259028459151
179.6,0.5010720322655898,0.7955679924314614
179.70000000000002,0.5084049118917849,0.7945110193758813
179.79999999999998,0.4969612207327294,0.7934584595696234
179.9,0.4896825077722141,0.7924088338306663
180.0,0.4848035730543637,0.7913625961401101
180.1,0.47381931101218533,0.790320087519936
180.20000000000002,0.47403860248216323,0.7892831690954334
180.29999999999998,0.4821720048375697,0.7882494689596444
180.4,0.47818004637986,0.7872205709453751
180.5,0.4779484218582589,0.7861920360374162
180.6,0.47213253636206587,0.7851708432530067
180.7,0.4682934653537646,0.7841514316962529
180.79999999999998,0.46430801769247043,0.7831341851359741
180.9,0.45437068352190546,0.7821198389218134
181.0,0.46240362992983064,0.7811048597948617
181.10000000000002,0.4767357498227385,0.7800992262925655
181.2,0.48494855427667616,0.7790946084183298
181.29999999999998,0.47610576477795985,0.778095285815082
181.4,0.49121290458175426,0.7771051961746231
181.5,0.4887315976985792,0.7761189416929017
181.60000000000002,0.4993611863246019,0.7751336049188595
181.7,0.4872056205049046,0.7741564809816439
181.79999999999998,0.4872276435228665,0.7731804391191565
181.9,0.5018316672250344,0.7722104728273568
182.0,0.5001255458179358,0.7712424700026633
182.10000000000002,0.5082887428998644,0.7702806956502111
182.2,0.5062017469970793,0.7693289854457268
182.3,0.5108453197738557,0.7683784073512192
182.4,0.5128091666798252,0.7674305373335863
182.5,0.5257627410757613,0.7664900209869273
182.6,0.5325183115956226,0.76555316347265
182.7,0.5161021721579924,0.7646198118183807
182.8,0.5426157729939316,0.763691683996825
182.9,0.5408765763615497,0.7627684816789473
183.0,0.551416854919647,0.7618456807427096
183.1,0.5500401307260481,0.7609240460233788
183.2,0.5716020909167241,0.7600052196095195
183.3,0.5654513107622249,0.759093323418775
183.4,0.5551850652785639,0.7581838507997811
183.5,0.5515948909736028,0.7572756698766233
183.6,0.5461896061323905,0.7563702301221042
183.7,0.544498646717245,0.7554686259331693
183.8,0.5483242057900434,0.7545685767748989
183.9,0.5592932758146134,0.7536713429607032
184.0,0.5830246978455271,0.7527763619431208
184.1,0.5715528106714735,0.751884583668511
184.2,0.5629779177765165,0.75099744957141
184.3,0.5645563773281359,0.750113408482071
184.4,0.5614910388913106,0.7492361203376598
184.5,0.5722186850063126,0.7483640423372563
184.6,0.5497209184145523,0.7474967076520462
184.7,0.542533764802898,0.7466350934969439
184.8,0.5371355140660758,0.7457791044469614
184.9,0.547439625497004,0.7449244038984232
185.0,0.555128931084332,0.7440719830560645
185.1,0.5415186290448559,0.7432264225502294
185.2,0.5598033362499129,0.7423804779938104
185.3,0.5773924477258309,0.7415358206487698
185.39999999999998,0.5905334902696914,0.7406950561703604
185.5,0.5951898689068758,0.7398560118872692
185.6,0.5907881493573206,0.7390156165347721
185.70000000000002,0.5963106339830071,0.7381758059660968
185.8,0.5888805086126543,0.7373386206712693
185.89999999999998,0.6061684443882054,0.736506857006227
186.0,0.6245331579349256,0.7356745900763424
186.1,0.643377645250002,0.7348446414354421
186.20000000000002,0.6409941394524035,0.7340158576686738
186.3,0.6546399230274128,0.7331847488809962
186.39999999999998,0.654143778659069,0.7323571662399926
186.5,0.6493326097029272,0.7315317678655948
186.6,0.6366940807306659,0.7307088140415665
186.70000000000002,0.6404266879413328,0.7298902526030762
186.8,0.6477455801415339,0.729074454095692
186.9,0.6340863657833254,0.7282631619936313
187.0,0.6665230011616194,0.7274572890813433
187.1,0.6566661922929595,0.726653375611221
187.20000000000002,0.669080656533747,0.7258484845896631
187.29999999999998,0.6646652756870113,0.7250525106586826
187.4,0.6639641341326618,0.724259122639396
187.5,0.6610323447184887,0.7234710955395484
187.6,0.6582638939169143,0.7226883107567528
187.70000000000002,0.6689934778707218,0.7219033437885045
187.79999999999998,0.6653917605640683,0.7211206754713912
187.9,0.6535593161126542,0.7203421184159078
188.0,0.6441882460877354,0.719569953418691
188.1,0.6395575326241569,0.7188017549594529
188.2,0.6323591615789803,0.7180363470212179
188.29999999999998,0.6250369420867725,0.7172747487338882
188.4,0.6339097676461136,0.7165161224427151
188.5,0.6456174765866781,0.7157604561948182
188.60000000000002,0.6529238650222263,0.7150110378084663
188.7,0.6492878997121899,0.7142661920560397
188.79999999999998,0.6469038829417857,0.7135227438431917
188.9,0.6467083261777298,0.7127804898800891
189.0,0.6446216965062789,0.7120407432493903
189.10000000000002,0.6516516997454394,0.7113008783025943
189.2,0.6463742321409258,0.7105638413106729
189.29999999999998,0.6605815858012962,0.7098295966890067
189.4,0.663525709634543,0.7090973825071915
189.5,0.6692566228559583,0.7083687959022245
189.60000000000002,0.6740894305460906,0.7076442333152626
189.7,0.6718255249578009,0.7069254429769716
189.8,0.6713315553189441,0.7062102075433666
189.9,0.6720217951190214,0.7054986337158281
190.0,0.6727494180504419,0.7047911124146633
190.1,0.6767277565296814,0.7040806675496327
190.2,0.6836617328607545,0.703373675549312
190.3,0.6701543523109466,0.7026713690103032
190.4,0.6654291397954155,0.7019698888066705
190.5,0.6579932059659767,0.7012683213258275
190.6,0.6658963179269848,0.7005689969677145
190.7,0.6719438830691122,0.6998790189267536
190.8,0.6714570520295344,0.6991940517350642
190.9,0.6702195269704884,0.698506360186518
191.0,0.6657789071943596,0.6978243706869729
191.1,0.6597984125806002,0.6971430726094034
191.2,0.6688345771414062,0.69646224263946
191.3,0.6724623795285035,0.695786207104453
191.4,0.6736744724993027,0.6951119434491375
191.5,0.658241345917018,0.6944405863236992
191.6,0.6554755299868241,0.6937716423485196
191.7,0.6308506808029452,0.6931063148453325
191.8,0.625103540746605,0.6924431145541805
191.9,0.6424089474459559,0.6917802133193951
192.0,0.6497904930671525,0.6911192719697277
192.1,0.6520227685048186,0.6904608102125747
192.2,0.6541860011206575,0.689805931786166
192.3,0.6727267559951337,0.6891563663848689
192.4,0.6915734876195567,0.6885071692450647
192.5,0.6942043416649012,0.6878584989335308
192.6,0.7053708499243299,0.6872100891916583
192.7,0.6993065269386257,0.686562416664287
192.8,0.6730422733992955,0.6859139873094012
192.89999999999998,0.650689379088038,0.685266962883744
193.0,0.6580421316677811,0.684624518474197
193.1,0.6658552135289815,0.6839812615694496
193.20000000000002,0.6725574454630202,0.683345413914114
193.3,0.6837934266612754,0.6827102267694548
193.39999999999998,0.6674636700946157,0.6820763316499032
193.5,0.6220676163359181,0.6814416275524626
193.6,0.6681263586101625,0.6808084949347538
193.70000000000002,0.6457618080063561,0.680176518700853
193.8,0.7110721224963985,0.6795479314308807
193.89999999999998,0.6941406801688896,0.678920078302009
194.0,0.6524563032872235,0.6782937894265118
194.1,0.6325704671429706,0.6776674930106279
194.20000000000002,0.6288636314248005,0.6770463763213157
194.3,0.6198603600356392,0.6764294540408078
194.4,0.6122098249519927,0.6758141845471077
194.5,0.642267169571273,0.6751983569392284
194.6,0.6151243279273775,0.674582266810136
194.70000000000002,0.6902203223302039,0.6739695839949591
194.79999999999998,0.7038006197447024,0.6733552328469337
194.9,0.747497986912584,0.6727434051142906
195.0,0.7975295787228988,0.6721356635985529
195.1,0.7383671893660004,0.6715288018651449
195.20000000000002,0.710303760502976,0.6709225539289747
195.29999999999998,0.7654245816694347,0.6703174007801349
195.4,0.7344342972480087,0.6697140523891268
195.5,0.8343646846086163,0.6691135160352737
195.6,0.750220933632385,0.668518629062657
195.7,0.7550394189560853,0.6679228846731137
195.79999999999998,0.7133608395706135,0.6673281838073052
195.9,0.6892199372439403,0.6667337813897187
196.0,0.7085995604224986,0.6661402817865816
196.10000000000002,0.7355201050761395,0.665541858217729
196.2,0.6905835708524413,0.6649454911245151
196.29999999999998,0.751562830704015,0.6643495462717453
196.4,0.7668725711775921,0.6637581839137433
196.5,0.8426644130487688,0.6631673316893383
196.60000000000002,0.90145126605966,0.6625776811422773
196.7,0.8229099183002804,0.661988610399201
196.79999999999998,0.9017301512053639,0.6613997233105581
196.9,0.9341846736973489,0.6608103886617638
197.0,1.07621701112421,0.660225558812768
197.10000000000002,1.0305228620808693,0.659643156094584
197.2,1.0967824243149034,0.6590620966799925
197.3,1.1377684691730285,0.6584842761488069
197.4,1.190184946921611,0.6579080777414325
197.5,1.1789655799013898,0.657334134325355
197.6,1.3261898769180491,0.6567612859057173
197.7,1.332215371609835,0.6561926767425388
197.8,1.2357168764084714,0.6556243703338787
197.9,1.4304289596760185,0.6550563983176423
198.0,1.400535780021975,0.6544890336966117
198.1,1.5414355029025186,0.6539226078013393
198.2,1.429850062937777,0.6533534551028123
198.3,1.5963414981027995,0.6527888155324696
198.4,1.6619530346242166,0.6522251237588674
198.5,1.552035993524811,0.6516616709959895
198.6,1.5587097720447858,0.6511005741044043
198.7,1.49328023844943,0.6505418462983477
198.8,1.5436226161520856,0.6499808173867411
198.9,1.519025676693088,0.6494202849050086
199.0,1.470686763255601,0.6488588711286849
199.1,1.6603086439894699,0.6482986566168532
199.2,1.8932736519302158,0.6477417722484954
199.3,1.9845866271904016,0.647188015615576
199.4,2.0490162494832704,0.6466343156785782
199.5,2.207906112001826,0.6460786295042626
199.6,2.0012190623637234,0.6455281255166476
199.7,2.025537647197801,0.6449798513625669
199.8,2.3758947969027018,0.6444338031234491
199.9,2.2783998566060166,0.6438893536707753
200.0,2.4815873555068997,0.6433446851819337
200.1,2.0984539495834884,0.6428031828249438
200.2,1.9875427930808756,0.6422635806073677
200.3,1.9544400415861176,0.6417272731188872
200.39999999999998,1.879491722863581,0.6411934099681539
200.5,1.7614394564004876,0.6406620792898937
200.6,2.1042724051218524,0.6401328027397777
200.70000000000002,1.9254995610389045,0.639603469724405
200.8,1.7445036872574162,0.6390740446363988
200.89999999999998,1.5332172752523063,0.6385461282766165
201.0,1.4942722439498248,0.6380190576349781
201.1,1.297906941173456,0.6374956244513963
201.20000000000002,1.556396984147188,0.6369752708438577
201.3,1.5280596351614215,0.6364559903097572
201.39999999999998,1.477575866979223,0.635939524123425
201.5,1.67566090618082,0.6354256893807118
201.6,1.5211698778430445,0.6349144091113933
201.70000000000002,1.6804076755652624,0.6344054146763431
201.8,1.4691961496862604,0.6339026841602465
201.9,1.772100329609817,0.6333994188025515
202.0,1.664260280514889,0.6328999986010801
202.1,1.6511862743601453,0.6323991261160595
202.20000000000002,1.7258637526863483,0.6318969954300059
202.29999999999998,1.5992239173260412,0.6313956995730436
202.4,1.5740228502856022,0.6308949071920507
202.5,1.5769421396153793,0.6303960112701332
202.6,1.6013174002998452,0.6298993892125969
202.70000000000002,1.5019303824825425,0.6294003361449971
202.79999999999998,1.358177738551479,0.6289039085022883
202.9,1.5615054037217706,0.6284083774651251
203.0,1.691832278674897,0.6279146976883093
203.1,1.880949648640522,0.6274219680399856
203.2,1.8015387117458448,0.6269310056996436
203.29999999999998,1.7758968310956407,0.6264443595770098
203.4,1.9168327280768835,0.6259548071121618
203.5,1.7313824527812407,0.6254654642381597
203.60000000000002,1.7759876209505308,0.6249783247365233
203.7,1.7524898749817357,0.6244929326386114
203.79999999999998,2.088407020929978,0.6240097122598587
203.9,2.0936831728139627,0.6235274247063891
204.0,2.206931765426081,0.6230474301510475
204.10000000000002,2.1021499619403308,0.62256739400341
204.2,2.1295298216310745,0.6220876736034776
204.29999999999998,1.979669325987476,0.6216089646455332
204.4,1.912916564982813,0.6211310834777237
204.5,1.879904369434,0.6206508576850597
204.60000000000002,1.8389863193807576,0.620171776889443
204.7,1.8788617985546634,0.6196919058923823
204.8,1.7848759181132952,0.6192149870367101
204.9,1.76450936377019,0.6187395567197425
205.0,1.7580595446660081,0.6182618909632374
205.1,1.6306783777434104,0.6177852667970469
205.2,1.5164773631679607,0.6173085740105506
205.3,1.327187149142924,0.6168349632921081
205.4,1.5320303286117347,0.616362444878091
205.5,1.4304057595522317,0.6158933628814806
205.6,1.4928462282293848,0.6154272428279288
205.7,1.4712426849558187,0.6149640633120025
205.8,1.3897335102316022,0.6145027756612981
205.9,1.5075136036761636,0.6140412407877972
206.0,1.7259042818829458,0.6135799433683972
206.1,1.6941500309181057,0.6131210522648425
206.2,1.5349173554235314,0.6126651878844249
206.3,1.4473331713901576,0.6122095720940406
206.4,1.5209689464794645,0.6117511916291998
206.5,1.454145668011773,0.611293413236309
206.6,1.365994449732223,0.6108342596138264
206.7,1.3855722100997756,0.610376177883788
206.8,1.4482171251438871,0.609920400325756
206.9,1.4984572046171147,0.6094665548935356
207.0,1.4681858737034805,0.6090133992639605
207.1,1.530434423992478,0.608564210765681
207.2,1.4803824884857797,0.608118900902689
207.3,1.4965156593580766,0.607675826491466
207.4,1.5474793770123791,0.607235707496903
207.5,1.5199485273216775,0.6067962011791841
207.6,1.4507663969326257,0.6063567094695398
207.7,1.3238420664863542,0.6059186910272546
207.8,1.3183825834131297,0.6054801092646832
207.89999999999998,1.3114589638661938,0.6050435738265716
208.0,1.3444030537678011,0.6046087937988267
208.1,1.352327491084393,0.6041722429808394
208.20000000000002,1.3271048250273196,0.6037369810612583
208.3,1.283326911681519,0.603304443156849
208.39999999999998,1.3239903304398537,0.602872761089164
208.5,1.2852971278799052,0.6024408010763695
208.6,1.331799536923241,0.6020120578065793
208.70000000000002,1.346126176436192,0.6015852257045657
208.8,1.2665676073803132,0.60116007107628
208.89999999999998,1.2636940333381088,0.6007341153704484
209.0,1.2621901149612609,0.6003085121103747
209.1,1.2710180064083583,0.599883677624164
209.20000000000002,1.3059749376349388,0.5994574375192377
209.3,1.4131682195302093,0.5990334140170122
209.4,1.443783491628447,0.5986088254841565
209.5,1.4275178844530216,0.5981841037682926
209.6,1.4122609677558806,0.5977599033481604
209.70000000000002,1.3906000101353826,0.5973383618609828
209.79999999999998,1.4658504873035312,0.5969161255117192
209.9,1.4453410817859143,0.5964920844366863
210.0,1.446421676937866,0.5960670091844309
210.1,1.4546974313658882,0.5956429783027595
210.20000000000002,1.4774280232476324,0.5952167027122497
210.29999999999998,1.4463360762161868,0.5947885498029488
210.4,1.4233102514691987,0.5943603530717388
210.5,1.4306113082491072,0.5939316619614443
210.6,1.452340837112879,0.5935042537307131
210.7,1.4555286783815244,0.5930784799384818
210.79999999999998,1.453076783131148,0.5926520029688888
210.9,1.4787913730502547,0.5922290106737182
211.0,1.453183573844382,0.5918082511433908
211.10000000000002,1.464719188195044,0.5913873449930362
211.2,1.4924766101965428,0.5909690344467599
211.29999999999998,1.496348311283937,0.5905516173269211
211.4,1.531269485820161,0.5901371170844834
211.5,1.5092060508012737,0.5897237768514361
211.60000000000002,1.569474526287278,0.5893108734950294
211.7,1.60063578918655,0.5889006574521747
211.79999999999998,1.5696817085120893,0.5884924700422729
211.9,1.464445975890051,0.588087099335734
212.0,1.4608569996588014,0.5876826418190821
212.10000000000002,1.4943028166681276,0.5872786039933348
212.2,1.4461021942400396,0.586878811346554
212.3,1.449026079955296,0.5864777452858783
212.4,1.4840752319733879,0.586076661345965
212.5,1.4546024003080893,0.5856715973580017
212.6,1.4416192754419772,0.5852672658461
212.7,1.4431219964052289,0.5848614893778721
212.8,1.4806471895606008,0.5844561256348038
212.9,1.4427769927959064,0.5840512438399185
213.0,1.412261353550827,0.5836484099811694
213.1,1.3901352262297102,0.5832463451619412
213.2,1.3561355622610984,0.5828423811207125
213.3,1.3239273242046898,0.5824377924328098
213.4,1.348888261271878,0.5820315459919547
213.5,1.3050253527370093,0.5816254549157097
213.6,1.2084011540488429,0.581221739232505
213.7,1.284026179102581,0.5808190269916673
213.8,1.2828884461586498,0.5804152116381874
213.9,1.3650739557075018,0.5800127910941578
214.0,1.3236554535343255,0.5796121683594643
214.1,1.3495607615755147,0.5792123631059437
214.2,1.282697286143621,0.5788141495486626
214.3,1.2926556270741674,0.5784179676673826
214.4,1.2503063185757612,0.5780269091061309
214.5,1.254767268198706,0.5776348978325507
214.6,1.2575316317173284,0.5772438917357892
214.7,1.3007715400720359,0.5768540334218822
214.8,1.287271497555475,0.5764636169358595
214.9,1.279590269615745,0.5760738048798607
215.0,1.3437890688950689,0.5756821617082256
215.1,1.3176252225730503,0.5752924563245796
215.2,1.2258776243110667,0.5749046994147328
215.3,1.1850096788036326,0.5745192751859811
215.39999999999998,1.1598776001282909,0.5741339727376076
215.5,1.2031732020043948,0.5737501126506325
215.6,1.1837161166557284,0.5733671236346255
215.70000000000002,1.2186846398290418,0.5729880054183067
215.8,1.1998175814734489,0.5726106392589577
215.89999999999998,1.1999058779134109,0.5722358167374315
216.0,1.127660304344267,0.5718606587316282
216.1,1.0418052780390397,0.5714855243566885
216.20000000000002,0.9998637754452535,0.5711115935234911
216.3,0.9949861161651908,0.5707391913294569
216.39999999999998,0.9965652017650519,0.5703663446255133
216.5,0.9012364648668869,0.5699923875587221
216.6,0.8612359908490977,0.569623321294256
216.70000000000002,0.7870320172246109,0.5692560608427214
216.8,0.8002022466552262,0.5688888034106895
216.9,0.7537373612457375,0.5685224026492907
217.0,0.7081394374115062,0.5681539487013549
217.1,0.6984113493810991,0.5677857630220802
217.20000000000002,0.6662568864998447,0.5674191118164184
217.29999999999998,0.7187808811916307,0.5670533506490427
217.4,0.7008751307487877,0.5666883895660318
217.5,0.6522650984466433,0.5663243522396701
217.6,0.6078649993800332,0.5659616368423914
217.70000000000002,0.6345425518020277,0.5655992053979259
217.79999999999998,0.5650379971779761,0.5652345112381967
217.9,0.6670219390051182,0.5648711701914686
218.0,0.7684584230179998,0.5645083846325257
218.1,0.7400095479299795,0.5641456021998026
218.2,0.7743600826605993,0.5637848430123025
218.29999999999998,0.7612979259033091,0.5634264957832327
218.4,0.7422554821092046,0.5630684971306045
218.5,0.6548045725558485,0.5627107193978224
218.60000000000002,0.677960871942793,0.5623554616456966
218.7,0.7083130375368875,0.5620037860038422
218.79999999999998,0.6810702861701963,0.5616506614681576
218.9,0.6780481406675058,0.5613014215943803
219.0,0.766470569788223,0.5609533471376916
219.10000000000002,0.7962462928168867,0.5606045439839429
219.2,0.7651121753518411,0.5602554736558464
219.29999999999998,0.7882437821735887,0.5599045468240325
219.4,0.7596723852907933,0.5595533858475039
219.5,0.8335434935236062,0.5592024731238071
219.60000000000002,0.8750652140463944,0.5588539527765362
219.7,0.9399325809101382,0.5585037790019299
219.8,0.9612782691999696,0.5581525253081471
219.9,0.9529875030666151,0.5578018114919121
220.0,1.0342797828895098,0.557454570207997
220.1,1.0237447421526105,0.5571082834279182
220.2,0.9396645312320271,0.5567617779432332
220.3,0.9432526043977838,0.55641571408435
220.4,0.9577266416920895,0.5560701405772864
220.5,0.8878446884043038,0.5557236226176117
220.6,0.8798012835778967,0.5553787720221319
220.7,0.8626975919868223,0.5550378868894879
220.8,0.788575610220307,0.5546985626057834
220.9,0.8102591389100647,0.5543575501313864
221.0,0.7356719903951985,0.5540157664055582
221.1,0.7348113927905852,0.5536757452572523
221.2,0.7354225779513748,0.5533357696680844
221.3,0.777666026503641,0.5529971785075742
221.4,0.8178227263317219,0.5526583513759169
221.5,0.8202058056004442,0.5523232262832529
221.6,0.8087505060504941,0.5519909468004678
221.7,0.7942433050532562,0.5516596139075811
221.8,0.9354035197816439,0.5513295789183008
221.9,0.989100484238862,0.5509984100924052
222.0,0.9768502246819067,0.550668595604606
222.1,0.8687108430026991,0.5503411423401185
222.2,0.8350594363547654,0.5500128829808052
222.3,0.7640573741246754,0.5496863791121556
222.4,0.7372758877538802,0.5493620662264473
222.5,0.7839457583176275,0.5490391244857398
222.6,0.7949699824870433,0.5487167087547183
222.7,0.8044106907019517,0.5483919637436037
222.8,0.762611032056884,0.548068100767293
222.89999999999998,0.7328654765067972,0.5477419848926077
223.0,0.6569758337869473,0.5474177036022301
223.1,0.6292176859796794,0.547093618651657
223.20000000000002,0.6738834497886795,0.5467693766099921
223.3,0.7519767373840429,0.546445142977143
223.39999999999998,0.841564928222717,0.546123803155559
223.5,0.8753359937288798,0.545801314129702
223.6,0.8199271921508666,0.5454785446099493
223.70000000000002,0.8041306570564237,0.5451580939627257
223.8,0.7954797863164997,0.5448356655783924
223.89999999999998,0.7298755760212952,0.5445136868065388
224.0,0.7813236740085482,0.544193430970417
224.1,0.7192839488127346,0.5438720915544377
224.20000000000002,0.7097854298823902,0.5435510071488195
224.3,0.6380626630080313,0.5432298055888543
224.4,0.7579512453552781,0.5429081835211349
224.5,0.7649891913673181,0.5425858754456692
224.6,0.7740637386897755,0.5422629611529836
224.70000000000002,0.802649383363091,0.5419397120825327
224.79999999999998,0.8471878840387463,0.5416189417384634
224.9,0.7647506249542736,0.5412979356973309
225.0,0.8292817164102464,0.5409781119570135
225.1,0.820457942522627,0.540660831227571
225.20000000000002,0.8910288293520892,0.5403451846526945
225.29999999999998,0.9113924228923598,0.5400301441207852
225.4,0.993544987624684,0.5397141621549354
225.5,0.989268189961052,0.5394002786567861
225.6,0.9726521736390887,0.5390855185768917
225.7,0.9401828473514302,0.5387702278286192
225.79999999999998,0.8177867253326959,0.538456001694236
225.9,0.7812079570868868,0.5381427413724935
226.0,0.7620736201146107,0.5378297938696585
226.10000000000002,0.7499123081807959,0.5375179267094681
226.2,0.6315943482884271,0.5372066716556142
226.29999999999998,0.6300527623827007,0.5368944093564368
226.4,0.6038729756384802,0.536582635815583
226.5,0.5887061133788851,0.5362699427386185
226.60000000000002,0.6002124158736497,0.5359571312739896
226.7,0.5109400868820343,0.5356445219141074
226.79999999999998,0.48934241372618525,0.535331314480142
226.9,0.4492174829062226,0.535016329395673
227.0,0.3564892654860668,0.5347012997419409
227.10000000000002,0.27496478089451293,0.5343841072515697
227.2,0.2250555434952328,0.5340682797859624
227.3,0.24735532554338235,0.5337536821931954
227.4,0.28466632989026,0.5334398230461576
227.5,0.29697710351427786,0.5331269456366308
227.6,0.2453422735291875,0.5328152920233427
227.7,0.1987543932462127,0.5325037060458944
227.8,0.21176958743000834,0.5321928735344839
227.9,0.18460009533514862,0.5318843135250909
228.0,0.1421712838202955,0.5315758922271048
228.1,0.14147539494152,0.5312682874782777
228.2,0.15491770632039534,0.530960931012849
228.3,0.1451851392142059,0.5306532738093883
228.4,0.1449535247678619,0.5303430725914948
228.5,0.14116564969889991,0.5300334569263373
228.6,0.1223687598740542,0.5297269290242754
228.7,0.14817134726110193,0.5294202985312622
228.8,0.11661249951758713,0.529111982734547
228.9,0.11490310166550861,0.5288033987690081
229.0,0.12948527908881963,0.5284974419158588
229.1,0.1123568441184796,0.5281926526213521
229.2,0.09981223836240016,0.5278885055420965
229.3,0.08553572222993176,0.5275851689721289
229.4,0.08357209476401604,0.5272805059949877
229.5,0.07664193804072525,0.5269739102105809
229.6,0.038014223680638747,0.5266683372717194
229.7,0.03838315023346696,0.5263620752098502
229.8,0.0469527067283345,0.5260543538297417
229.9,0.05141770739917791,0.5257462567397289
230.0,0.04711524565367317,0.5254371601437399
230.1,0.03870688568334192,0.525127715987589
230.2,0.038328018978735195,0.524819022462784
230.3,0.040978254561132035,0.5245112838468339
230.39999999999998,0.03897175591150454,0.5242047294090303
230.5,0.04042341228934543,0.5238986059496871
230.6,0.04266363738485471,0.5235928603115326
230.70000000000002,0.03303646042073175,0.5232855689666663
230.8,0.03257697087006629,0.5229790758457672
230.89999999999998,0.032682116805890046,0.5226734436196676
231.0,0.03435932559626005,0.5223672391317791
231.1,0.03287426425283011,0.5220624050770728
231.20000000000002,0.03543690869341387,0.5217583382976518
231.3,0.03549702474540818,0.5214548257208886
231.39999999999998,0.03544533905378136,0.5211518707176767
231.5,0.07115864090865964,0.5208491626665981
231.6,0.08049768510912471,0.520547921361179
231.70000000000002,0.10779982379728777,0.5202463420908993
231.8,0.07946575876479926,0.519943876006431
231.9,0.07138445632715157,0.5196417977076236
232.0,0.09201441072316673,0.519340226784912
232.1,0.11563848411089431,0.5190392604907123
232.20000000000002,0.1011165878793271,0.5187383670443395
232.29999999999998,0.11641462848193165,0.5184378850965887
232.4,0.18315832514080782,0.5181375228187237
232.5,0.20496274514104593,0.5178377860567056
232.6,0.19202254131937269,0.5175377647445898
232.70000000000002,0.19713433453528043,0.5172376105325466
232.79999999999998,0.24967430611703087,0.5169377505722812
232.9,0.12336875553596838,0.5166376974597998
233.0,0.17644612881700344,0.5163393942209624
233.1,0.18923573992757584,0.5160434630395274
233.2,0.21696843604331778,0.5157452866997669
233.29999999999998,0.1726783801180775,0.5154451122625524
233.4,0.1440015878629732,0.5151459493117867
233.5,0.14964354559727072,0.5148474781197513
233.60000000000002,0.16595409083483623,0.5145494350758004
233.7,0.11131467323021862,0.5142513868099563
233.79999999999998,0.13974928256022268,0.5139549670827618
233.9,0.20388354250524246,0.5136591298999473
234.0,0.2028871536662668,0.5133641643082409
234.10000000000002,0.1836543753721236,0.5130707284777206
234.2,0.16021140919143192,0.5127731781514425
234.29999999999998,0.09207229216711961,0.5124755265476609
234.4,0.12499596360476599,0.5121787647572528
234.5,0.06083854072382322,0.5118812994613279
234.60000000000002,0.056825217256720906,0.511585869591017
234.7,0.09691663682223228,0.5112895905463091
234.8,0.05497718667486724,0.5109937106467405
234.9,0.02327938586038654,0.5106979774810796
235.0,0.028963242592709576,0.5104016559702136
235.1,0.02857178604310206,0.5101050452117224
235.2,0.02483217835147841,0.5098093530202985
235.3,0.024633924707610257,0.5095143071644166
235.4,0.015690928856306827,0.509220260438289
235.5,0.012846131483533791,0.5089265815280338
235.6,0.013902571257198161,0.5086340591820279
235.7,0.013714185536667327,0.508340140621625
235.8,0.012535175266918141,0.5080466183599319
235.9,0.014817273149280667,0.5077523994926192
236.0,0.012896472796328528,0.5074592481868038
236.1,0.012239021183139387,0.5071665872772113
236.2,0.01230931091295796,0.5068749940360966
236.3,0.015517003461524358,0.5065824825406491
236.4,0.02556958858695901,0.5062914791396277
236.5,0.020849015914255576,0.5060013518182795
236.6,0.019895145017111412,0.505712337819609
236.7,0.03395764119809306,0.5054237529865141
236.8,0.024438929458243327,0.5051353369307272
236.9,0.014180541035211708,0.5048491731734781
237.0,0.014937269040995993,0.5045623153370702
237.1,0.013169730385434588,0.5042774013227553
237.2,0.017438815439994537,0.503992306909641
237.3,0.014951266446588339,0.5037061652951579
237.4,0.03719233748884998,0.5034210614781294
237.5,0.03524667499332722,0.5031340030805239
237.6,0.05695612276235869,0.5028454723593155
237.7,0.07225789262677271,0.5025580078058043
237.8,0.08603367649714043,0.5022720160666538
237.89999999999998,0.13974610180642524,0.5019869746579281
238.0,0.13621197282741923,0.5017037827906862
238.1,0.11613862255334578,0.5014201757178495
238.20000000000002,0.1559798155708886,0.5011369618382232
238.3,0.13338761991056658,0.5008544905480938
238.39999999999998,0.1811841792237812,0.5005727886852547
238.5,0.24734598151957088,0.5002920817732746
238.6,0.3166216089249719,0.5000114601063654
238.70000000000002,0.32730030146226774,0.4997314191966578
238.8,0.3510425521046804,0.4994536817843753
238.89999999999998,0.37308095530744045,0.49917637530810477
239.0,0.3282035923554844,0.4988999442999226
239.1,0.3497937156833167,0.49862289687715466
239.20000000000002,0.35514630356411275,0.49834616988514857
239.3,0.36224651377346473,0.4980687865808534
239.4,0.3650355859554309,0.4977912940323587
239.5,0.36063957662788065,0.49751360832343644
239.6,0.5165716347846926,0.4972363192074369
239.70000000000002,0.4926646921960157,0.4969605428853125
239.79999999999998,0.4741568190727887,0.49668497397998185
239.9,0.4832316415521976,0.4964093869247448
240.0,0.49082887368850575,0.49613470025533146
